ID_Venta,Fecha,ID_Cliente,ID_Producto,Cantidad,Método_Pago,Estado,Semana,Mes,Dia_Semana,Trimestre,Nombre_producto,Categoría,Precio_Unitario,Stock,Venta_Total
919,2024-01-31,10,25,5,1,Completa,5,1,Wednesday,1,Pizza congelada,Congelados,15.45,1640,77.25
947,2024-01-31,106,5,1,4,Completa,5,1,Wednesday,1,Manteca,Lácteos,5.65,4929,5.65
1317,2024-01-31,235,25,3,3,Completa,5,1,Wednesday,1,Pizza congelada,Congelados,15.45,1640,46.349999999999994
1607,2024-01-31,114,15,5,1,Completa,5,1,Wednesday,1,Medialunas,Panadería,3.51,4043,17.549999999999997
2038,2024-01-31,132,2,5,4,Completa,5,1,Wednesday,1,Yogur,Lácteos,5.21,3358,26.05
2436,2024-01-31,282,3,3,1,Completa,5,1,Wednesday,1,Queso cremoso,Lácteos,17.23,3167,51.69
2578,2024-01-31,201,31,6,3,Completa,5,1,Wednesday,1,Galletitas de agua,Galletitas y Snacks,5.24,2771,31.44
448,2024-02-01,5,19,3,4,Pendiente,5,2,Thursday,1,Tomates,Frutas y Verduras,6.54,4041,19.62
492,2024-02-01,114,29,6,4,Completa,5,2,Thursday,1,Cerveza,Bebidas,11.54,2455,69.24
1099,2024-02-01,282,28,1,4,Completa,5,2,Thursday,1,Jugos de frutas,Bebidas,9.45,3637,9.45
1439,2024-02-01,130,18,2,2,Completa,5,2,Thursday,1,Bananas,Frutas y Verduras,7.25,4720,14.5
1565,2024-02-01,97,6,6,2,Completa,5,2,Thursday,1,Asado,Carnicería,28.56,5137,171.35999999999999
1776,2024-02-01,247,7,4,4,Completa,5,2,Thursday,1,Chorizo,Carnicería,11.25,4068,45.0
2190,2024-02-01,98,16,1,1,Pendiente,5,2,Thursday,1,Tortas,Panadería,15.23,3189,15.23
2755,2024-02-01,27,18,4,4,Completa,5,2,Thursday,1,Bananas,Frutas y Verduras,7.25,4720,29.0
43,2024-02-02,294,31,1,4,Completa,5,2,Friday,1,Galletitas de agua,Galletitas y Snacks,5.24,2771,5.24
272,2024-02-02,60,3,6,4,Completa,5,2,Friday,1,Queso cremoso,Lácteos,17.23,3167,103.38
349,2024-02-02,203,2,3,4,Completa,5,2,Friday,1,Yogur,Lácteos,5.21,3358,15.629999999999999
351,2024-02-02,45,8,4,3,Completa,5,2,Friday,1,Milanesa,Carnicería,16.21,3140,64.84
822,2024-02-02,1,32,4,5,Completa,5,2,Friday,1,Galletitas de chocolate,Galletitas y Snacks,6.25,5057,25.0
1078,2024-02-02,218,6,5,5,Completa,5,2,Friday,1,Asado,Carnicería,28.56,5137,142.79999999999998
1595,2024-02-02,129,31,6,1,Completa,5,2,Friday,1,Galletitas de agua,Galletitas y Snacks,5.24,2771,31.44
2746,2024-02-02,217,4,1,4,Completa,5,2,Friday,1,Queso rallado,Lácteos,19.23,2099,19.23
262,2024-02-03,156,33,3,4,Pendiente,5,2,Saturday,1,Papas chips,Galletitas y Snacks,8.54,2837,25.619999999999997
997,2024-02-03,245,12,3,5,Completa,5,2,Saturday,1,Pan francés,Panadería,8.12,1619,24.36
1221,2024-02-03,251,10,5,5,Pendiente,5,2,Saturday,1,Costilla de cerdo,Carnicería,14.25,2429,71.25
1931,2024-02-03,204,6,4,5,Completa,5,2,Saturday,1,Asado,Carnicería,28.56,5137,114.24
1967,2024-02-03,32,7,5,4,Completa,5,2,Saturday,1,Chorizo,Carnicería,11.25,4068,56.25
2328,2024-02-03,275,23,1,2,Completa,5,2,Saturday,1,Papas fritas,Congelados,8.23,3731,8.23
420,2024-02-04,259,32,1,2,Pendiente,5,2,Sunday,1,Galletitas de chocolate,Galletitas y Snacks,6.25,5057,6.25
546,2024-02-04,66,19,3,4,Completa,5,2,Sunday,1,Tomates,Frutas y Verduras,6.54,4041,19.62
680,2024-02-04,112,37,2,5,Completa,5,2,Sunday,1,Garbanzos,Conservas,3.65,1506,7.3
2263,2024-02-04,48,27,1,5,Completa,5,2,Sunday,1,Agua mineral,Bebidas,6.21,4978,6.21
2752,2024-02-04,125,35,3,4,Completa,5,2,Sunday,1,Arroz,Conservas,4.25,1437,12.75
2889,2024-02-04,48,24,2,3,Pendiente,5,2,Sunday,1,Empanadas,Congelados,13.54,2908,27.08
2896,2024-02-04,106,21,1,2,Completa,5,2,Sunday,1,Zanahorias,Frutas y Verduras,3.25,2800,3.25
277,2024-02-05,159,4,6,4,Completa,6,2,Monday,1,Queso rallado,Lácteos,19.23,2099,115.38
497,2024-02-05,169,5,6,3,Completa,6,2,Monday,1,Manteca,Lácteos,5.65,4929,33.900000000000006
503,2024-02-05,169,5,5,1,Completa,6,2,Monday,1,Manteca,Lácteos,5.65,4929,28.25
1198,2024-02-05,102,13,2,1,Completa,6,2,Monday,1,Pan integral,Panadería,12.56,2228,25.12
1449,2024-02-05,172,29,6,2,Completa,6,2,Monday,1,Cerveza,Bebidas,11.54,2455,69.24
1759,2024-02-05,255,23,5,5,Pendiente,6,2,Monday,1,Papas fritas,Congelados,8.23,3731,41.150000000000006
2873,2024-02-05,230,13,2,2,Completa,6,2,Monday,1,Pan integral,Panadería,12.56,2228,25.12
484,2024-02-06,168,35,1,2,Completa,6,2,Tuesday,1,Arroz,Conservas,4.25,1437,4.25
593,2024-02-06,258,11,4,5,Completa,6,2,Tuesday,1,Salchicha,Carnicería,11.23,1726,44.92
809,2024-02-06,159,19,6,5,Pendiente,6,2,Tuesday,1,Tomates,Frutas y Verduras,6.54,4041,39.24
1656,2024-02-06,283,1,3,4,Completa,6,2,Tuesday,1,Leche,Lácteos,12.24,3327,36.72
1735,2024-02-06,130,8,6,5,Completa,6,2,Tuesday,1,Milanesa,Carnicería,16.21,3140,97.26
2126,2024-02-06,181,3,3,4,Pendiente,6,2,Tuesday,1,Queso cremoso,Lácteos,17.23,3167,51.69
2540,2024-02-06,75,28,6,1,Pendiente,6,2,Tuesday,1,Jugos de frutas,Bebidas,9.45,3637,56.699999999999996
2680,2024-02-06,155,18,2,4,Completa,6,2,Tuesday,1,Bananas,Frutas y Verduras,7.25,4720,14.5
116,2024-02-07,71,35,4,3,Completa,6,2,Wednesday,1,Arroz,Conservas,4.25,1437,17.0
215,2024-02-07,64,31,2,4,Pendiente,6,2,Wednesday,1,Galletitas de agua,Galletitas y Snacks,5.24,2771,10.48
441,2024-02-07,21,7,6,3,Completa,6,2,Wednesday,1,Chorizo,Carnicería,11.25,4068,67.5
471,2024-02-07,108,12,6,5,Pendiente,6,2,Wednesday,1,Pan francés,Panadería,8.12,1619,48.72
1136,2024-02-07,187,23,3,3,Completa,6,2,Wednesday,1,Papas fritas,Congelados,8.23,3731,24.69
1753,2024-02-07,35,17,2,4,Pendiente,6,2,Wednesday,1,Manzanas,Frutas y Verduras,6.54,3383,13.08
2127,2024-02-07,180,6,3,3,Completa,6,2,Wednesday,1,Asado,Carnicería,28.56,5137,85.67999999999999
2209,2024-02-07,151,3,2,1,Completa,6,2,Wednesday,1,Queso cremoso,Lácteos,17.23,3167,34.46
2935,2024-02-07,164,25,3,4,Completa,6,2,Wednesday,1,Pizza congelada,Congelados,15.45,1640,46.349999999999994
734,2024-02-08,212,36,5,2,Completa,6,2,Thursday,1,Lentejas,Conservas,3.25,4578,16.25
2043,2024-02-08,318,27,2,5,Completa,6,2,Thursday,1,Agua mineral,Bebidas,6.21,4978,12.42
2335,2024-02-08,56,38,2,5,Completa,6,2,Thursday,1,Atún enlatado,Conservas,6.21,2182,12.42
2770,2024-02-08,295,34,4,2,Completa,6,2,Thursday,1,Maníes,Galletitas y Snacks,5.45,4769,21.8
226,2024-02-09,3,11,4,1,Completa,6,2,Friday,1,Salchicha,Carnicería,11.23,1726,44.92
1044,2024-02-09,69,29,1,5,Completa,6,2,Friday,1,Cerveza,Bebidas,11.54,2455,11.54
1162,2024-02-09,104,17,2,3,Completa,6,2,Friday,1,Manzanas,Frutas y Verduras,6.54,3383,13.08
1725,2024-02-09,293,25,6,4,Completa,6,2,Friday,1,Pizza congelada,Congelados,15.45,1640,92.69999999999999
1878,2024-02-09,214,17,3,4,Completa,6,2,Friday,1,Manzanas,Frutas y Verduras,6.54,3383,19.62
2480,2024-02-09,278,22,1,1,Completa,6,2,Friday,1,Cebolla,Frutas y Verduras,4.21,3545,4.21
2610,2024-02-09,78,1,6,4,Completa,6,2,Friday,1,Leche,Lácteos,12.24,3327,73.44
2947,2024-02-09,28,6,5,4,Pendiente,6,2,Friday,1,Asado,Carnicería,28.56,5137,142.79999999999998
117,2024-02-10,288,10,3,2,Pendiente,6,2,Saturday,1,Costilla de cerdo,Carnicería,14.25,2429,42.75
1102,2024-02-10,59,29,4,3,Completa,6,2,Saturday,1,Cerveza,Bebidas,11.54,2455,46.16
1217,2024-02-10,144,22,2,4,Completa,6,2,Saturday,1,Cebolla,Frutas y Verduras,4.21,3545,8.42
1363,2024-02-10,314,28,3,3,Pendiente,6,2,Saturday,1,Jugos de frutas,Bebidas,9.45,3637,28.349999999999998
1600,2024-02-10,230,24,6,3,Completa,6,2,Saturday,1,Empanadas,Congelados,13.54,2908,81.24
2719,2024-02-10,57,16,1,4,Completa,6,2,Saturday,1,Tortas,Panadería,15.23,3189,15.23
621,2024-02-11,166,3,3,3,Completa,6,2,Sunday,1,Queso cremoso,Lácteos,17.23,3167,51.69
995,2024-02-11,224,13,5,5,Completa,6,2,Sunday,1,Pan integral,Panadería,12.56,2228,62.800000000000004
1218,2024-02-11,34,29,1,2,Completa,6,2,Sunday,1,Cerveza,Bebidas,11.54,2455,11.54
1362,2024-02-11,120,19,2,5,Pendiente,6,2,Sunday,1,Tomates,Frutas y Verduras,6.54,4041,13.08
1651,2024-02-11,85,13,6,4,Completa,6,2,Sunday,1,Pan integral,Panadería,12.56,2228,75.36
1680,2024-02-11,241,28,3,3,Completa,6,2,Sunday,1,Jugos de frutas,Bebidas,9.45,3637,28.349999999999998
1754,2024-02-11,212,27,3,5,Completa,6,2,Sunday,1,Agua mineral,Bebidas,6.21,4978,18.63
1934,2024-02-11,69,27,1,2,Completa,6,2,Sunday,1,Agua mineral,Bebidas,6.21,4978,6.21
2534,2024-02-11,250,11,1,5,Completa,6,2,Sunday,1,Salchicha,Carnicería,11.23,1726,11.23
2642,2024-02-11,54,37,5,4,Completa,6,2,Sunday,1,Garbanzos,Conservas,3.65,1506,18.25
2703,2024-02-11,255,29,3,1,Pendiente,6,2,Sunday,1,Cerveza,Bebidas,11.54,2455,34.62
2874,2024-02-11,87,19,4,5,Completa,6,2,Sunday,1,Tomates,Frutas y Verduras,6.54,4041,26.16
2933,2024-02-11,307,37,4,5,Completa,6,2,Sunday,1,Garbanzos,Conservas,3.65,1506,14.6
29,2024-02-12,205,38,2,3,Completa,7,2,Monday,1,Atún enlatado,Conservas,6.21,2182,12.42
237,2024-02-12,182,21,4,1,Completa,7,2,Monday,1,Zanahorias,Frutas y Verduras,3.25,2800,13.0
488,2024-02-12,47,14,2,5,Completa,7,2,Monday,1,Facturas,Panadería,12.36,3125,24.72
1168,2024-02-12,286,4,4,5,Completa,7,2,Monday,1,Queso rallado,Lácteos,19.23,2099,76.92
1540,2024-02-12,273,14,6,3,Completa,7,2,Monday,1,Facturas,Panadería,12.36,3125,74.16
2007,2024-02-12,288,14,2,4,Completa,7,2,Monday,1,Facturas,Panadería,12.36,3125,24.72
2236,2024-02-12,295,18,4,5,Completa,7,2,Monday,1,Bananas,Frutas y Verduras,7.25,4720,29.0
8,2024-02-13,214,38,4,4,Completa,7,2,Tuesday,1,Atún enlatado,Conservas,6.21,2182,24.84
14,2024-02-13,171,22,4,3,Completa,7,2,Tuesday,1,Cebolla,Frutas y Verduras,4.21,3545,16.84
459,2024-02-13,128,24,4,3,Completa,7,2,Tuesday,1,Empanadas,Congelados,13.54,2908,54.16
681,2024-02-13,14,29,3,3,Completa,7,2,Tuesday,1,Cerveza,Bebidas,11.54,2455,34.62
821,2024-02-13,43,1,3,5,Pendiente,7,2,Tuesday,1,Leche,Lácteos,12.24,3327,36.72
908,2024-02-13,141,11,4,4,Pendiente,7,2,Tuesday,1,Salchicha,Carnicería,11.23,1726,44.92
1826,2024-02-13,300,20,1,1,Completa,7,2,Tuesday,1,Lechugas,Frutas y Verduras,4.25,1541,4.25
2355,2024-02-13,150,35,2,5,Completa,7,2,Tuesday,1,Arroz,Conservas,4.25,1437,8.5
2555,2024-02-13,130,33,3,5,Completa,7,2,Tuesday,1,Papas chips,Galletitas y Snacks,8.54,2837,25.619999999999997
2572,2024-02-13,258,26,4,1,Completa,7,2,Tuesday,1,Hamburgesas congeladas,Congelados,9.54,1688,38.16
2687,2024-02-13,73,29,4,5,Completa,7,2,Tuesday,1,Cerveza,Bebidas,11.54,2455,46.16
2709,2024-02-13,304,12,2,1,Pendiente,7,2,Tuesday,1,Pan francés,Panadería,8.12,1619,16.24
1271,2024-02-14,190,27,5,3,Completa,7,2,Wednesday,1,Agua mineral,Bebidas,6.21,4978,31.05
1975,2024-02-14,118,4,6,5,Completa,7,2,Wednesday,1,Queso rallado,Lácteos,19.23,2099,115.38
2076,2024-02-14,5,1,1,4,Completa,7,2,Wednesday,1,Leche,Lácteos,12.24,3327,12.24
2559,2024-02-14,87,15,6,1,Pendiente,7,2,Wednesday,1,Medialunas,Panadería,3.51,4043,21.06
2763,2024-02-14,273,21,5,5,Completa,7,2,Wednesday,1,Zanahorias,Frutas y Verduras,3.25,2800,16.25
2801,2024-02-14,105,17,5,3,Completa,7,2,Wednesday,1,Manzanas,Frutas y Verduras,6.54,3383,32.7
34,2024-02-15,325,35,5,2,Completa,7,2,Thursday,1,Arroz,Conservas,4.25,1437,21.25
294,2024-02-15,85,24,3,2,Completa,7,2,Thursday,1,Empanadas,Congelados,13.54,2908,40.62
627,2024-02-15,312,24,6,5,Completa,7,2,Thursday,1,Empanadas,Congelados,13.54,2908,81.24
696,2024-02-15,76,13,3,1,Completa,7,2,Thursday,1,Pan integral,Panadería,12.56,2228,37.68
938,2024-02-15,204,1,1,4,Completa,7,2,Thursday,1,Leche,Lácteos,12.24,3327,12.24
1700,2024-02-15,158,33,4,4,Completa,7,2,Thursday,1,Papas chips,Galletitas y Snacks,8.54,2837,34.16
1928,2024-02-15,310,35,1,1,Completa,7,2,Thursday,1,Arroz,Conservas,4.25,1437,4.25
2214,2024-02-15,187,7,5,5,Completa,7,2,Thursday,1,Chorizo,Carnicería,11.25,4068,56.25
2238,2024-02-15,231,12,3,4,Completa,7,2,Thursday,1,Pan francés,Panadería,8.12,1619,24.36
2481,2024-02-15,166,4,2,5,Pendiente,7,2,Thursday,1,Queso rallado,Lácteos,19.23,2099,38.46
2604,2024-02-15,319,23,1,5,Completa,7,2,Thursday,1,Papas fritas,Congelados,8.23,3731,8.23
481,2024-02-16,109,19,3,3,Completa,7,2,Friday,1,Tomates,Frutas y Verduras,6.54,4041,19.62
641,2024-02-16,184,17,5,5,Completa,7,2,Friday,1,Manzanas,Frutas y Verduras,6.54,3383,32.7
735,2024-02-16,183,20,2,1,Completa,7,2,Friday,1,Lechugas,Frutas y Verduras,4.25,1541,8.5
779,2024-02-16,252,14,2,3,Completa,7,2,Friday,1,Facturas,Panadería,12.36,3125,24.72
1174,2024-02-16,286,14,1,1,Completa,7,2,Friday,1,Facturas,Panadería,12.36,3125,12.36
1253,2024-02-16,50,13,1,2,Completa,7,2,Friday,1,Pan integral,Panadería,12.56,2228,12.56
1263,2024-02-16,48,38,5,3,Completa,7,2,Friday,1,Atún enlatado,Conservas,6.21,2182,31.05
1479,2024-02-16,211,33,1,1,Completa,7,2,Friday,1,Papas chips,Galletitas y Snacks,8.54,2837,8.54
2323,2024-02-16,98,25,3,3,Completa,7,2,Friday,1,Pizza congelada,Congelados,15.45,1640,46.349999999999994
2362,2024-02-16,109,36,6,1,Completa,7,2,Friday,1,Lentejas,Conservas,3.25,4578,19.5
2771,2024-02-16,39,7,2,3,Completa,7,2,Friday,1,Chorizo,Carnicería,11.25,4068,22.5
2937,2024-02-16,124,3,3,2,Completa,7,2,Friday,1,Queso cremoso,Lácteos,17.23,3167,51.69
207,2024-02-17,203,20,2,5,Completa,7,2,Saturday,1,Lechugas,Frutas y Verduras,4.25,1541,8.5
297,2024-02-17,302,3,4,5,Pendiente,7,2,Saturday,1,Queso cremoso,Lácteos,17.23,3167,68.92
386,2024-02-17,250,32,6,5,Pendiente,7,2,Saturday,1,Galletitas de chocolate,Galletitas y Snacks,6.25,5057,37.5
572,2024-02-17,95,18,5,1,Completa,7,2,Saturday,1,Bananas,Frutas y Verduras,7.25,4720,36.25
812,2024-02-17,280,7,4,3,Completa,7,2,Saturday,1,Chorizo,Carnicería,11.25,4068,45.0
1079,2024-02-17,8,31,6,3,Completa,7,2,Saturday,1,Galletitas de agua,Galletitas y Snacks,5.24,2771,31.44
1095,2024-02-17,326,2,5,5,Pendiente,7,2,Saturday,1,Yogur,Lácteos,5.21,3358,26.05
1842,2024-02-17,224,29,2,1,Completa,7,2,Saturday,1,Cerveza,Bebidas,11.54,2455,23.08
1863,2024-02-17,46,26,5,4,Completa,7,2,Saturday,1,Hamburgesas congeladas,Congelados,9.54,1688,47.699999999999996
2045,2024-02-17,97,8,3,4,Completa,7,2,Saturday,1,Milanesa,Carnicería,16.21,3140,48.63
2375,2024-02-17,82,38,1,3,Completa,7,2,Saturday,1,Atún enlatado,Conservas,6.21,2182,6.21
2634,2024-02-17,31,15,6,5,Completa,7,2,Saturday,1,Medialunas,Panadería,3.51,4043,21.06
77,2024-02-18,320,27,2,3,Completa,7,2,Sunday,1,Agua mineral,Bebidas,6.21,4978,12.42
131,2024-02-18,17,23,5,4,Completa,7,2,Sunday,1,Papas fritas,Congelados,8.23,3731,41.150000000000006
166,2024-02-18,25,13,5,5,Completa,7,2,Sunday,1,Pan integral,Panadería,12.56,2228,62.800000000000004
223,2024-02-18,221,29,1,5,Completa,7,2,Sunday,1,Cerveza,Bebidas,11.54,2455,11.54
236,2024-02-18,44,21,4,5,Pendiente,7,2,Sunday,1,Zanahorias,Frutas y Verduras,3.25,2800,13.0
434,2024-02-18,90,23,1,5,Completa,7,2,Sunday,1,Papas fritas,Congelados,8.23,3731,8.23
539,2024-02-18,274,14,2,5,Completa,7,2,Sunday,1,Facturas,Panadería,12.36,3125,24.72
801,2024-02-18,37,27,3,1,Completa,7,2,Sunday,1,Agua mineral,Bebidas,6.21,4978,18.63
1007,2024-02-18,77,11,6,5,Completa,7,2,Sunday,1,Salchicha,Carnicería,11.23,1726,67.38
1181,2024-02-18,171,17,4,4,Completa,7,2,Sunday,1,Manzanas,Frutas y Verduras,6.54,3383,26.16
1625,2024-02-18,145,38,4,3,Completa,7,2,Sunday,1,Atún enlatado,Conservas,6.21,2182,24.84
1983,2024-02-18,63,27,4,5,Completa,7,2,Sunday,1,Agua mineral,Bebidas,6.21,4978,24.84
2409,2024-02-18,252,15,4,5,Completa,7,2,Sunday,1,Medialunas,Panadería,3.51,4043,14.04
2964,2024-02-18,269,7,2,1,Completa,7,2,Sunday,1,Chorizo,Carnicería,11.25,4068,22.5
53,2024-02-19,66,30,2,5,Completa,8,2,Monday,1,Vino tinto,Bebidas,13.54,1363,27.08
447,2024-02-19,249,27,5,1,Completa,8,2,Monday,1,Agua mineral,Bebidas,6.21,4978,31.05
454,2024-02-19,131,13,5,4,Completa,8,2,Monday,1,Pan integral,Panadería,12.56,2228,62.800000000000004
1332,2024-02-19,1,29,4,4,Completa,8,2,Monday,1,Cerveza,Bebidas,11.54,2455,46.16
1722,2024-02-19,266,7,3,4,Completa,8,2,Monday,1,Chorizo,Carnicería,11.25,4068,33.75
2134,2024-02-19,116,29,5,2,Completa,8,2,Monday,1,Cerveza,Bebidas,11.54,2455,57.699999999999996
2310,2024-02-19,139,11,2,5,Completa,8,2,Monday,1,Salchicha,Carnicería,11.23,1726,22.46
2926,2024-02-19,210,37,2,1,Completa,8,2,Monday,1,Garbanzos,Conservas,3.65,1506,7.3
2969,2024-02-19,128,9,1,5,Completa,8,2,Monday,1,Pollo,Carnicería,18.56,4051,18.56
11,2024-02-20,237,25,6,1,Completa,8,2,Tuesday,1,Pizza congelada,Congelados,15.45,1640,92.69999999999999
110,2024-02-20,31,11,2,3,Completa,8,2,Tuesday,1,Salchicha,Carnicería,11.23,1726,22.46
979,2024-02-20,30,29,5,1,Completa,8,2,Tuesday,1,Cerveza,Bebidas,11.54,2455,57.699999999999996
1633,2024-02-20,27,11,5,4,Completa,8,2,Tuesday,1,Salchicha,Carnicería,11.23,1726,56.150000000000006
2176,2024-02-20,48,12,5,1,Completa,8,2,Tuesday,1,Pan francés,Panadería,8.12,1619,40.599999999999994
2227,2024-02-20,239,8,4,5,Completa,8,2,Tuesday,1,Milanesa,Carnicería,16.21,3140,64.84
2325,2024-02-20,13,2,4,4,Completa,8,2,Tuesday,1,Yogur,Lácteos,5.21,3358,20.84
2427,2024-02-20,57,35,2,1,Completa,8,2,Tuesday,1,Arroz,Conservas,4.25,1437,8.5
2929,2024-02-20,28,11,1,3,Completa,8,2,Tuesday,1,Salchicha,Carnicería,11.23,1726,11.23
168,2024-02-21,186,2,1,4,Completa,8,2,Wednesday,1,Yogur,Lácteos,5.21,3358,5.21
691,2024-02-21,175,14,1,1,Completa,8,2,Wednesday,1,Facturas,Panadería,12.36,3125,12.36
851,2024-02-21,13,14,2,4,Completa,8,2,Wednesday,1,Facturas,Panadería,12.36,3125,24.72
986,2024-02-21,273,7,4,1,Completa,8,2,Wednesday,1,Chorizo,Carnicería,11.25,4068,45.0
1041,2024-02-21,312,9,3,3,Completa,8,2,Wednesday,1,Pollo,Carnicería,18.56,4051,55.67999999999999
2560,2024-02-21,249,33,3,5,Completa,8,2,Wednesday,1,Papas chips,Galletitas y Snacks,8.54,2837,25.619999999999997
2751,2024-02-21,19,2,5,4,Completa,8,2,Wednesday,1,Yogur,Lácteos,5.21,3358,26.05
2905,2024-02-21,226,5,4,4,Completa,8,2,Wednesday,1,Manteca,Lácteos,5.65,4929,22.6
338,2024-02-22,103,12,2,3,Completa,8,2,Thursday,1,Pan francés,Panadería,8.12,1619,16.24
407,2024-02-22,32,5,3,3,Completa,8,2,Thursday,1,Manteca,Lácteos,5.65,4929,16.950000000000003
1184,2024-02-22,106,38,6,5,Completa,8,2,Thursday,1,Atún enlatado,Conservas,6.21,2182,37.26
1200,2024-02-22,143,32,1,5,Pendiente,8,2,Thursday,1,Galletitas de chocolate,Galletitas y Snacks,6.25,5057,6.25
1792,2024-02-22,81,9,4,1,Completa,8,2,Thursday,1,Pollo,Carnicería,18.56,4051,74.24
2027,2024-02-22,184,32,4,1,Completa,8,2,Thursday,1,Galletitas de chocolate,Galletitas y Snacks,6.25,5057,25.0
2206,2024-02-22,236,23,1,1,Completa,8,2,Thursday,1,Papas fritas,Congelados,8.23,3731,8.23
2235,2024-02-22,20,28,6,5,Completa,8,2,Thursday,1,Jugos de frutas,Bebidas,9.45,3637,56.699999999999996
2449,2024-02-22,262,1,2,5,Pendiente,8,2,Thursday,1,Leche,Lácteos,12.24,3327,24.48
2527,2024-02-22,55,14,3,5,Completa,8,2,Thursday,1,Facturas,Panadería,12.36,3125,37.08
85,2024-02-23,91,4,5,2,Completa,8,2,Friday,1,Queso rallado,Lácteos,19.23,2099,96.15
784,2024-02-23,279,10,4,2,Completa,8,2,Friday,1,Costilla de cerdo,Carnicería,14.25,2429,57.0
1586,2024-02-23,166,38,2,4,Pendiente,8,2,Friday,1,Atún enlatado,Conservas,6.21,2182,12.42
2869,2024-02-23,247,4,2,4,Completa,8,2,Friday,1,Queso rallado,Lácteos,19.23,2099,38.46
2982,2024-02-23,229,34,2,4,Completa,8,2,Friday,1,Maníes,Galletitas y Snacks,5.45,4769,10.9
88,2024-02-24,176,37,1,5,Completa,8,2,Saturday,1,Garbanzos,Conservas,3.65,1506,3.65
267,2024-02-24,273,13,1,4,Pendiente,8,2,Saturday,1,Pan integral,Panadería,12.56,2228,12.56
342,2024-02-24,109,7,3,3,Completa,8,2,Saturday,1,Chorizo,Carnicería,11.25,4068,33.75
783,2024-02-24,124,30,1,2,Completa,8,2,Saturday,1,Vino tinto,Bebidas,13.54,1363,13.54
948,2024-02-24,218,11,1,4,Completa,8,2,Saturday,1,Salchicha,Carnicería,11.23,1726,11.23
1416,2024-02-24,31,38,2,5,Completa,8,2,Saturday,1,Atún enlatado,Conservas,6.21,2182,12.42
1674,2024-02-24,75,23,4,5,Pendiente,8,2,Saturday,1,Papas fritas,Congelados,8.23,3731,32.92
1852,2024-02-24,230,1,4,5,Pendiente,8,2,Saturday,1,Leche,Lácteos,12.24,3327,48.96
2439,2024-02-24,142,7,3,5,Completa,8,2,Saturday,1,Chorizo,Carnicería,11.25,4068,33.75
2835,2024-02-24,57,3,5,5,Pendiente,8,2,Saturday,1,Queso cremoso,Lácteos,17.23,3167,86.15
134,2024-02-25,308,10,1,4,Completa,8,2,Sunday,1,Costilla de cerdo,Carnicería,14.25,2429,14.25
1999,2024-02-25,209,33,2,5,Completa,8,2,Sunday,1,Papas chips,Galletitas y Snacks,8.54,2837,17.08
2155,2024-02-25,162,17,1,3,Pendiente,8,2,Sunday,1,Manzanas,Frutas y Verduras,6.54,3383,6.54
2309,2024-02-25,82,1,4,4,Pendiente,8,2,Sunday,1,Leche,Lácteos,12.24,3327,48.96
2331,2024-02-25,228,1,2,3,Completa,8,2,Sunday,1,Leche,Lácteos,12.24,3327,24.48
2729,2024-02-25,166,9,4,3,Completa,8,2,Sunday,1,Pollo,Carnicería,18.56,4051,74.24
39,2024-02-26,183,26,2,4,Completa,9,2,Monday,1,Hamburgesas congeladas,Congelados,9.54,1688,19.08
577,2024-02-26,169,3,1,3,Completa,9,2,Monday,1,Queso cremoso,Lácteos,17.23,3167,17.23
1287,2024-02-26,22,25,6,1,Completa,9,2,Monday,1,Pizza congelada,Congelados,15.45,1640,92.69999999999999
1830,2024-02-26,291,32,4,4,Completa,9,2,Monday,1,Galletitas de chocolate,Galletitas y Snacks,6.25,5057,25.0
2067,2024-02-26,73,23,1,4,Completa,9,2,Monday,1,Papas fritas,Congelados,8.23,3731,8.23
2978,2024-02-26,108,3,3,1,Completa,9,2,Monday,1,Queso cremoso,Lácteos,17.23,3167,51.69
713,2024-02-27,64,14,2,4,Completa,9,2,Tuesday,1,Facturas,Panadería,12.36,3125,24.72
1841,2024-02-27,37,38,6,5,Completa,9,2,Tuesday,1,Atún enlatado,Conservas,6.21,2182,37.26
2248,2024-02-27,16,22,1,4,Pendiente,9,2,Tuesday,1,Cebolla,Frutas y Verduras,4.21,3545,4.21
2272,2024-02-27,85,16,6,4,Completa,9,2,Tuesday,1,Tortas,Panadería,15.23,3189,91.38
2442,2024-02-27,266,26,3,5,Completa,9,2,Tuesday,1,Hamburgesas congeladas,Congelados,9.54,1688,28.619999999999997
2789,2024-02-27,35,22,5,1,Completa,9,2,Tuesday,1,Cebolla,Frutas y Verduras,4.21,3545,21.05
2901,2024-02-27,34,19,1,4,Completa,9,2,Tuesday,1,Tomates,Frutas y Verduras,6.54,4041,6.54
89,2024-02-28,6,10,2,3,Completa,9,2,Wednesday,1,Costilla de cerdo,Carnicería,14.25,2429,28.5
271,2024-02-28,66,6,6,4,Completa,9,2,Wednesday,1,Asado,Carnicería,28.56,5137,171.35999999999999
545,2024-02-28,20,26,4,4,Completa,9,2,Wednesday,1,Hamburgesas congeladas,Congelados,9.54,1688,38.16
795,2024-02-28,256,25,6,5,Completa,9,2,Wednesday,1,Pizza congelada,Congelados,15.45,1640,92.69999999999999
1749,2024-02-28,95,33,1,5,Completa,9,2,Wednesday,1,Papas chips,Galletitas y Snacks,8.54,2837,8.54
2047,2024-02-28,117,17,1,5,Completa,9,2,Wednesday,1,Manzanas,Frutas y Verduras,6.54,3383,6.54
2294,2024-02-28,316,35,2,1,Completa,9,2,Wednesday,1,Arroz,Conservas,4.25,1437,8.5
2346,2024-02-28,274,25,4,3,Completa,9,2,Wednesday,1,Pizza congelada,Congelados,15.45,1640,61.8
2460,2024-02-28,301,15,5,4,Completa,9,2,Wednesday,1,Medialunas,Panadería,3.51,4043,17.549999999999997
2550,2024-02-28,138,23,4,3,Pendiente,9,2,Wednesday,1,Papas fritas,Congelados,8.23,3731,32.92
2600,2024-02-28,187,25,4,5,Completa,9,2,Wednesday,1,Pizza congelada,Congelados,15.45,1640,61.8
3,2024-02-29,31,21,3,3,Completa,9,2,Thursday,1,Zanahorias,Frutas y Verduras,3.25,2800,9.75
123,2024-02-29,169,32,5,5,Completa,9,2,Thursday,1,Galletitas de chocolate,Galletitas y Snacks,6.25,5057,31.25
452,2024-02-29,115,4,5,4,Completa,9,2,Thursday,1,Queso rallado,Lácteos,19.23,2099,96.15
1037,2024-02-29,48,30,6,4,Completa,9,2,Thursday,1,Vino tinto,Bebidas,13.54,1363,81.24
1190,2024-02-29,119,21,1,3,Completa,9,2,Thursday,1,Zanahorias,Frutas y Verduras,3.25,2800,3.25
1313,2024-02-29,95,13,2,3,Completa,9,2,Thursday,1,Pan integral,Panadería,12.56,2228,25.12
1713,2024-02-29,265,14,2,4,Completa,9,2,Thursday,1,Facturas,Panadería,12.36,3125,24.72
1907,2024-02-29,278,12,3,5,Pendiente,9,2,Thursday,1,Pan francés,Panadería,8.12,1619,24.36
2059,2024-02-29,84,20,6,3,Completa,9,2,Thursday,1,Lechugas,Frutas y Verduras,4.25,1541,25.5
2606,2024-02-29,221,7,2,4,Completa,9,2,Thursday,1,Chorizo,Carnicería,11.25,4068,22.5
66,2024-03-01,97,27,3,5,Completa,9,3,Friday,1,Agua mineral,Bebidas,6.21,4978,18.63
183,2024-03-01,31,38,3,3,Completa,9,3,Friday,1,Atún enlatado,Conservas,6.21,2182,18.63
1188,2024-03-01,255,27,3,5,Pendiente,9,3,Friday,1,Agua mineral,Bebidas,6.21,4978,18.63
1422,2024-03-01,58,2,1,4,Completa,9,3,Friday,1,Yogur,Lácteos,5.21,3358,5.21
1465,2024-03-01,36,14,2,5,Completa,9,3,Friday,1,Facturas,Panadería,12.36,3125,24.72
1535,2024-03-01,255,8,1,3,Completa,9,3,Friday,1,Milanesa,Carnicería,16.21,3140,16.21
2280,2024-03-01,134,18,1,4,Completa,9,3,Friday,1,Bananas,Frutas y Verduras,7.25,4720,7.25
2668,2024-03-01,117,19,5,1,Pendiente,9,3,Friday,1,Tomates,Frutas y Verduras,6.54,4041,32.7
2845,2024-03-01,71,5,6,3,Completa,9,3,Friday,1,Manteca,Lácteos,5.65,4929,33.900000000000006
72,2024-03-02,144,23,5,2,Completa,9,3,Saturday,1,Papas fritas,Congelados,8.23,3731,41.150000000000006
786,2024-03-02,292,19,6,4,Pendiente,9,3,Saturday,1,Tomates,Frutas y Verduras,6.54,4041,39.24
2094,2024-03-02,276,25,5,3,Completa,9,3,Saturday,1,Pizza congelada,Congelados,15.45,1640,77.25
2278,2024-03-02,163,5,3,5,Completa,9,3,Saturday,1,Manteca,Lácteos,5.65,4929,16.950000000000003
95,2024-03-03,67,14,5,4,Completa,9,3,Sunday,1,Facturas,Panadería,12.36,3125,61.8
365,2024-03-03,90,8,5,5,Completa,9,3,Sunday,1,Milanesa,Carnicería,16.21,3140,81.05000000000001
382,2024-03-03,208,12,1,3,Completa,9,3,Sunday,1,Pan francés,Panadería,8.12,1619,8.12
428,2024-03-03,308,28,4,5,Completa,9,3,Sunday,1,Jugos de frutas,Bebidas,9.45,3637,37.8
610,2024-03-03,197,38,3,4,Pendiente,9,3,Sunday,1,Atún enlatado,Conservas,6.21,2182,18.63
1069,2024-03-03,37,26,1,5,Completa,9,3,Sunday,1,Hamburgesas congeladas,Congelados,9.54,1688,9.54
1164,2024-03-03,97,12,3,4,Pendiente,9,3,Sunday,1,Pan francés,Panadería,8.12,1619,24.36
1214,2024-03-03,67,5,1,4,Completa,9,3,Sunday,1,Manteca,Lácteos,5.65,4929,5.65
1501,2024-03-03,42,29,5,5,Completa,9,3,Sunday,1,Cerveza,Bebidas,11.54,2455,57.699999999999996
1730,2024-03-03,160,33,6,3,Completa,9,3,Sunday,1,Papas chips,Galletitas y Snacks,8.54,2837,51.239999999999995
1867,2024-03-03,132,22,6,5,Pendiente,9,3,Sunday,1,Cebolla,Frutas y Verduras,4.21,3545,25.259999999999998
2042,2024-03-03,221,22,6,5,Completa,9,3,Sunday,1,Cebolla,Frutas y Verduras,4.21,3545,25.259999999999998
2327,2024-03-03,62,26,4,5,Completa,9,3,Sunday,1,Hamburgesas congeladas,Congelados,9.54,1688,38.16
2391,2024-03-03,271,32,1,4,Completa,9,3,Sunday,1,Galletitas de chocolate,Galletitas y Snacks,6.25,5057,6.25
2420,2024-03-03,17,1,2,2,Completa,9,3,Sunday,1,Leche,Lácteos,12.24,3327,24.48
2778,2024-03-03,64,32,1,4,Completa,9,3,Sunday,1,Galletitas de chocolate,Galletitas y Snacks,6.25,5057,6.25
275,2024-03-04,27,11,5,4,Completa,10,3,Monday,1,Salchicha,Carnicería,11.23,1726,56.150000000000006
298,2024-03-04,158,1,3,4,Completa,10,3,Monday,1,Leche,Lácteos,12.24,3327,36.72
1531,2024-03-04,326,14,1,3,Pendiente,10,3,Monday,1,Facturas,Panadería,12.36,3125,12.36
1737,2024-03-04,149,21,5,5,Completa,10,3,Monday,1,Zanahorias,Frutas y Verduras,3.25,2800,16.25
2547,2024-03-04,80,2,5,3,Completa,10,3,Monday,1,Yogur,Lácteos,5.21,3358,26.05
2913,2024-03-04,283,10,6,5,Completa,10,3,Monday,1,Costilla de cerdo,Carnicería,14.25,2429,85.5
290,2024-03-05,123,31,4,2,Completa,10,3,Tuesday,1,Galletitas de agua,Galletitas y Snacks,5.24,2771,20.96
408,2024-03-05,7,12,5,3,Completa,10,3,Tuesday,1,Pan francés,Panadería,8.12,1619,40.599999999999994
1171,2024-03-05,8,14,5,3,Completa,10,3,Tuesday,1,Facturas,Panadería,12.36,3125,61.8
1589,2024-03-05,112,26,2,4,Pendiente,10,3,Tuesday,1,Hamburgesas congeladas,Congelados,9.54,1688,19.08
2479,2024-03-05,85,34,5,5,Completa,10,3,Tuesday,1,Maníes,Galletitas y Snacks,5.45,4769,27.25
2669,2024-03-05,68,2,5,1,Pendiente,10,3,Tuesday,1,Yogur,Lácteos,5.21,3358,26.05
28,2024-03-06,240,23,3,3,Pendiente,10,3,Wednesday,1,Papas fritas,Congelados,8.23,3731,24.69
311,2024-03-06,68,24,6,4,Completa,10,3,Wednesday,1,Empanadas,Congelados,13.54,2908,81.24
916,2024-03-06,307,17,3,3,Pendiente,10,3,Wednesday,1,Manzanas,Frutas y Verduras,6.54,3383,19.62
1524,2024-03-06,292,34,2,5,Completa,10,3,Wednesday,1,Maníes,Galletitas y Snacks,5.45,4769,10.9
2157,2024-03-06,193,2,1,3,Completa,10,3,Wednesday,1,Yogur,Lácteos,5.21,3358,5.21
2301,2024-03-06,321,7,1,1,Completa,10,3,Wednesday,1,Chorizo,Carnicería,11.25,4068,11.25
2665,2024-03-06,36,20,6,5,Pendiente,10,3,Wednesday,1,Lechugas,Frutas y Verduras,4.25,1541,25.5
210,2024-03-07,215,35,3,4,Completa,10,3,Thursday,1,Arroz,Conservas,4.25,1437,12.75
556,2024-03-07,104,23,5,1,Pendiente,10,3,Thursday,1,Papas fritas,Congelados,8.23,3731,41.150000000000006
606,2024-03-07,46,20,2,5,Completa,10,3,Thursday,1,Lechugas,Frutas y Verduras,4.25,1541,8.5
820,2024-03-07,148,7,3,5,Completa,10,3,Thursday,1,Chorizo,Carnicería,11.25,4068,33.75
1185,2024-03-07,58,22,2,4,Pendiente,10,3,Thursday,1,Cebolla,Frutas y Verduras,4.21,3545,8.42
1444,2024-03-07,23,25,4,4,Completa,10,3,Thursday,1,Pizza congelada,Congelados,15.45,1640,61.8
1756,2024-03-07,309,13,5,4,Completa,10,3,Thursday,1,Pan integral,Panadería,12.56,2228,62.800000000000004
1796,2024-03-07,32,4,2,4,Completa,10,3,Thursday,1,Queso rallado,Lácteos,19.23,2099,38.46
2156,2024-03-07,193,26,5,1,Completa,10,3,Thursday,1,Hamburgesas congeladas,Congelados,9.54,1688,47.699999999999996
2175,2024-03-07,255,3,1,4,Completa,10,3,Thursday,1,Queso cremoso,Lácteos,17.23,3167,17.23
2183,2024-03-07,38,36,4,1,Completa,10,3,Thursday,1,Lentejas,Conservas,3.25,4578,13.0
2366,2024-03-07,222,17,2,4,Completa,10,3,Thursday,1,Manzanas,Frutas y Verduras,6.54,3383,13.08
2732,2024-03-07,311,4,6,3,Completa,10,3,Thursday,1,Queso rallado,Lácteos,19.23,2099,115.38
54,2024-03-08,108,13,1,2,Completa,10,3,Friday,1,Pan integral,Panadería,12.56,2228,12.56
438,2024-03-08,307,29,5,2,Completa,10,3,Friday,1,Cerveza,Bebidas,11.54,2455,57.699999999999996
620,2024-03-08,257,21,6,3,Completa,10,3,Friday,1,Zanahorias,Frutas y Verduras,3.25,2800,19.5
876,2024-03-08,42,23,3,2,Completa,10,3,Friday,1,Papas fritas,Congelados,8.23,3731,24.69
1226,2024-03-08,91,35,6,5,Completa,10,3,Friday,1,Arroz,Conservas,4.25,1437,25.5
1463,2024-03-08,299,17,4,2,Completa,10,3,Friday,1,Manzanas,Frutas y Verduras,6.54,3383,26.16
1577,2024-03-08,25,26,5,4,Pendiente,10,3,Friday,1,Hamburgesas congeladas,Congelados,9.54,1688,47.699999999999996
2398,2024-03-08,203,30,1,4,Completa,10,3,Friday,1,Vino tinto,Bebidas,13.54,1363,13.54
362,2024-03-09,30,15,2,4,Completa,10,3,Saturday,1,Medialunas,Panadería,3.51,4043,7.02
444,2024-03-09,164,9,6,5,Completa,10,3,Saturday,1,Pollo,Carnicería,18.56,4051,111.35999999999999
790,2024-03-09,119,24,6,1,Completa,10,3,Saturday,1,Empanadas,Congelados,13.54,2908,81.24
1634,2024-03-09,206,14,3,5,Pendiente,10,3,Saturday,1,Facturas,Panadería,12.36,3125,37.08
1788,2024-03-09,180,2,2,4,Completa,10,3,Saturday,1,Yogur,Lácteos,5.21,3358,10.42
2512,2024-03-09,87,36,1,4,Completa,10,3,Saturday,1,Lentejas,Conservas,3.25,4578,3.25
2769,2024-03-09,33,24,6,3,Completa,10,3,Saturday,1,Empanadas,Congelados,13.54,2908,81.24
35,2024-03-10,62,9,6,3,Completa,10,3,Sunday,1,Pollo,Carnicería,18.56,4051,111.35999999999999
152,2024-03-10,64,11,5,4,Completa,10,3,Sunday,1,Salchicha,Carnicería,11.23,1726,56.150000000000006
1142,2024-03-10,164,13,6,1,Completa,10,3,Sunday,1,Pan integral,Panadería,12.56,2228,75.36
1639,2024-03-10,230,26,5,4,Completa,10,3,Sunday,1,Hamburgesas congeladas,Congelados,9.54,1688,47.699999999999996
1957,2024-03-10,217,37,2,1,Completa,10,3,Sunday,1,Garbanzos,Conservas,3.65,1506,7.3
2678,2024-03-10,11,31,6,5,Pendiente,10,3,Sunday,1,Galletitas de agua,Galletitas y Snacks,5.24,2771,31.44
923,2024-03-11,172,2,1,1,Completa,11,3,Monday,1,Yogur,Lácteos,5.21,3358,5.21
1148,2024-03-11,67,25,5,4,Pendiente,11,3,Monday,1,Pizza congelada,Congelados,15.45,1640,77.25
1564,2024-03-11,238,23,2,2,Completa,11,3,Monday,1,Papas fritas,Congelados,8.23,3731,16.46
2058,2024-03-11,206,9,2,4,Completa,11,3,Monday,1,Pollo,Carnicería,18.56,4051,37.12
2132,2024-03-11,215,11,3,3,Completa,11,3,Monday,1,Salchicha,Carnicería,11.23,1726,33.69
2253,2024-03-11,278,2,2,2,Completa,11,3,Monday,1,Yogur,Lácteos,5.21,3358,10.42
437,2024-03-12,211,15,5,1,Completa,11,3,Tuesday,1,Medialunas,Panadería,3.51,4043,17.549999999999997
971,2024-03-12,213,29,6,4,Completa,11,3,Tuesday,1,Cerveza,Bebidas,11.54,2455,69.24
2019,2024-03-12,49,13,6,4,Completa,11,3,Tuesday,1,Pan integral,Panadería,12.56,2228,75.36
2291,2024-03-12,69,6,6,5,Completa,11,3,Tuesday,1,Asado,Carnicería,28.56,5137,171.35999999999999
2416,2024-03-12,49,11,5,4,Completa,11,3,Tuesday,1,Salchicha,Carnicería,11.23,1726,56.150000000000006
2519,2024-03-12,30,3,6,1,Completa,11,3,Tuesday,1,Queso cremoso,Lácteos,17.23,3167,103.38
2524,2024-03-12,117,9,2,3,Pendiente,11,3,Tuesday,1,Pollo,Carnicería,18.56,4051,37.12
2989,2024-03-12,147,31,6,3,Completa,11,3,Tuesday,1,Galletitas de agua,Galletitas y Snacks,5.24,2771,31.44
426,2024-03-13,100,17,4,4,Completa,11,3,Wednesday,1,Manzanas,Frutas y Verduras,6.54,3383,26.16
537,2024-03-13,262,3,6,2,Completa,11,3,Wednesday,1,Queso cremoso,Lácteos,17.23,3167,103.38
656,2024-03-13,35,6,5,3,Completa,11,3,Wednesday,1,Asado,Carnicería,28.56,5137,142.79999999999998
756,2024-03-13,81,12,4,4,Completa,11,3,Wednesday,1,Pan francés,Panadería,8.12,1619,32.48
762,2024-03-13,81,3,5,1,Completa,11,3,Wednesday,1,Queso cremoso,Lácteos,17.23,3167,86.15
1808,2024-03-13,303,11,5,2,Completa,11,3,Wednesday,1,Salchicha,Carnicería,11.23,1726,56.150000000000006
1970,2024-03-13,167,10,1,2,Completa,11,3,Wednesday,1,Costilla de cerdo,Carnicería,14.25,2429,14.25
2180,2024-03-13,74,18,5,3,Completa,11,3,Wednesday,1,Bananas,Frutas y Verduras,7.25,4720,36.25
2260,2024-03-13,54,1,3,5,Completa,11,3,Wednesday,1,Leche,Lácteos,12.24,3327,36.72
2274,2024-03-13,213,35,1,1,Completa,11,3,Wednesday,1,Arroz,Conservas,4.25,1437,4.25
31,2024-03-14,267,2,1,3,Completa,11,3,Thursday,1,Yogur,Lácteos,5.21,3358,5.21
124,2024-03-14,173,13,5,3,Completa,11,3,Thursday,1,Pan integral,Panadería,12.56,2228,62.800000000000004
225,2024-03-14,104,38,3,4,Pendiente,11,3,Thursday,1,Atún enlatado,Conservas,6.21,2182,18.63
607,2024-03-14,251,9,5,2,Completa,11,3,Thursday,1,Pollo,Carnicería,18.56,4051,92.8
705,2024-03-14,185,17,2,1,Completa,11,3,Thursday,1,Manzanas,Frutas y Verduras,6.54,3383,13.08
1033,2024-03-14,78,1,3,5,Completa,11,3,Thursday,1,Leche,Lácteos,12.24,3327,36.72
1228,2024-03-14,291,1,6,1,Completa,11,3,Thursday,1,Leche,Lácteos,12.24,3327,73.44
1537,2024-03-14,138,37,1,1,Completa,11,3,Thursday,1,Garbanzos,Conservas,3.65,1506,3.65
1864,2024-03-14,15,10,5,4,Completa,11,3,Thursday,1,Costilla de cerdo,Carnicería,14.25,2429,71.25
2545,2024-03-14,233,12,1,4,Completa,11,3,Thursday,1,Pan francés,Panadería,8.12,1619,8.12
2973,2024-03-14,134,7,3,3,Completa,11,3,Thursday,1,Chorizo,Carnicería,11.25,4068,33.75
817,2024-03-15,31,3,2,4,Completa,11,3,Friday,1,Queso cremoso,Lácteos,17.23,3167,34.46
1494,2024-03-15,157,23,3,1,Completa,11,3,Friday,1,Papas fritas,Congelados,8.23,3731,24.69
1601,2024-03-15,313,34,4,1,Completa,11,3,Friday,1,Maníes,Galletitas y Snacks,5.45,4769,21.8
1618,2024-03-15,14,18,3,5,Pendiente,11,3,Friday,1,Bananas,Frutas y Verduras,7.25,4720,21.75
1622,2024-03-15,211,16,2,5,Completa,11,3,Friday,1,Tortas,Panadería,15.23,3189,30.46
1646,2024-03-15,143,8,3,3,Completa,11,3,Friday,1,Milanesa,Carnicería,16.21,3140,48.63
2073,2024-03-15,283,11,4,4,Completa,11,3,Friday,1,Salchicha,Carnicería,11.23,1726,44.92
2107,2024-03-15,299,3,5,3,Completa,11,3,Friday,1,Queso cremoso,Lácteos,17.23,3167,86.15
2204,2024-03-15,55,28,1,5,Completa,11,3,Friday,1,Jugos de frutas,Bebidas,9.45,3637,9.45
2660,2024-03-15,28,7,6,4,Completa,11,3,Friday,1,Chorizo,Carnicería,11.25,4068,67.5
2808,2024-03-15,11,38,6,4,Completa,11,3,Friday,1,Atún enlatado,Conservas,6.21,2182,37.26
40,2024-03-16,125,34,6,1,Completa,11,3,Saturday,1,Maníes,Galletitas y Snacks,5.45,4769,32.7
42,2024-03-16,259,32,5,5,Completa,11,3,Saturday,1,Galletitas de chocolate,Galletitas y Snacks,6.25,5057,31.25
199,2024-03-16,226,30,4,4,Pendiente,11,3,Saturday,1,Vino tinto,Bebidas,13.54,1363,54.16
1083,2024-03-16,111,26,5,4,Completa,11,3,Saturday,1,Hamburgesas congeladas,Congelados,9.54,1688,47.699999999999996
1085,2024-03-16,232,20,3,3,Completa,11,3,Saturday,1,Lechugas,Frutas y Verduras,4.25,1541,12.75
1111,2024-03-16,65,16,2,3,Completa,11,3,Saturday,1,Tortas,Panadería,15.23,3189,30.46
1249,2024-03-16,77,21,1,3,Completa,11,3,Saturday,1,Zanahorias,Frutas y Verduras,3.25,2800,3.25
1561,2024-03-16,200,22,5,4,Completa,11,3,Saturday,1,Cebolla,Frutas y Verduras,4.21,3545,21.05
1708,2024-03-16,68,16,1,4,Completa,11,3,Saturday,1,Tortas,Panadería,15.23,3189,15.23
2201,2024-03-16,63,34,6,5,Completa,11,3,Saturday,1,Maníes,Galletitas y Snacks,5.45,4769,32.7
2264,2024-03-16,87,11,6,5,Completa,11,3,Saturday,1,Salchicha,Carnicería,11.23,1726,67.38
2689,2024-03-16,108,30,5,4,Completa,11,3,Saturday,1,Vino tinto,Bebidas,13.54,1363,67.69999999999999
2740,2024-03-16,224,7,5,4,Completa,11,3,Saturday,1,Chorizo,Carnicería,11.25,4068,56.25
2951,2024-03-16,229,32,1,4,Completa,11,3,Saturday,1,Galletitas de chocolate,Galletitas y Snacks,6.25,5057,6.25
18,2024-03-17,179,10,3,4,Completa,11,3,Sunday,1,Costilla de cerdo,Carnicería,14.25,2429,42.75
827,2024-03-17,246,8,2,5,Completa,11,3,Sunday,1,Milanesa,Carnicería,16.21,3140,32.42
875,2024-03-17,321,15,6,5,Completa,11,3,Sunday,1,Medialunas,Panadería,3.51,4043,21.06
884,2024-03-17,312,16,5,2,Pendiente,11,3,Sunday,1,Tortas,Panadería,15.23,3189,76.15
1121,2024-03-17,88,34,3,5,Pendiente,11,3,Sunday,1,Maníes,Galletitas y Snacks,5.45,4769,16.35
1137,2024-03-17,295,32,6,3,Completa,11,3,Sunday,1,Galletitas de chocolate,Galletitas y Snacks,6.25,5057,37.5
1290,2024-03-17,323,25,5,3,Completa,11,3,Sunday,1,Pizza congelada,Congelados,15.45,1640,77.25
1682,2024-03-17,48,38,4,4,Completa,11,3,Sunday,1,Atún enlatado,Conservas,6.21,2182,24.84
2091,2024-03-17,44,21,3,5,Completa,11,3,Sunday,1,Zanahorias,Frutas y Verduras,3.25,2800,9.75
2261,2024-03-17,305,4,6,4,Completa,11,3,Sunday,1,Queso rallado,Lácteos,19.23,2099,115.38
2478,2024-03-17,109,29,3,3,Completa,11,3,Sunday,1,Cerveza,Bebidas,11.54,2455,34.62
414,2024-03-18,151,35,3,5,Completa,12,3,Monday,1,Arroz,Conservas,4.25,1437,12.75
1133,2024-03-18,313,32,4,5,Completa,12,3,Monday,1,Galletitas de chocolate,Galletitas y Snacks,6.25,5057,25.0
1156,2024-03-18,37,2,3,1,Completa,12,3,Monday,1,Yogur,Lácteos,5.21,3358,15.629999999999999
1545,2024-03-18,8,19,2,1,Completa,12,3,Monday,1,Tomates,Frutas y Verduras,6.54,4041,13.08
2135,2024-03-18,50,31,6,4,Completa,12,3,Monday,1,Galletitas de agua,Galletitas y Snacks,5.24,2771,31.44
2917,2024-03-18,17,35,5,3,Pendiente,12,3,Monday,1,Arroz,Conservas,4.25,1437,21.25
2981,2024-03-18,36,11,2,4,Completa,12,3,Monday,1,Salchicha,Carnicería,11.23,1726,22.46
44,2024-03-19,122,30,2,4,Completa,12,3,Tuesday,1,Vino tinto,Bebidas,13.54,1363,27.08
208,2024-03-19,66,29,3,1,Completa,12,3,Tuesday,1,Cerveza,Bebidas,11.54,2455,34.62
1357,2024-03-19,71,23,5,1,Pendiente,12,3,Tuesday,1,Papas fritas,Congelados,8.23,3731,41.150000000000006
1777,2024-03-19,113,3,2,5,Completa,12,3,Tuesday,1,Queso cremoso,Lácteos,17.23,3167,34.46
1874,2024-03-19,92,15,4,3,Completa,12,3,Tuesday,1,Medialunas,Panadería,3.51,4043,14.04
2112,2024-03-19,119,22,4,2,Pendiente,12,3,Tuesday,1,Cebolla,Frutas y Verduras,4.21,3545,16.84
2563,2024-03-19,99,15,4,4,Completa,12,3,Tuesday,1,Medialunas,Panadería,3.51,4043,14.04
2585,2024-03-19,323,19,1,1,Completa,12,3,Tuesday,1,Tomates,Frutas y Verduras,6.54,4041,6.54
2628,2024-03-19,195,14,5,2,Completa,12,3,Tuesday,1,Facturas,Panadería,12.36,3125,61.8
118,2024-03-20,26,25,4,5,Completa,12,3,Wednesday,1,Pizza congelada,Congelados,15.45,1640,61.8
741,2024-03-20,222,31,6,5,Completa,12,3,Wednesday,1,Galletitas de agua,Galletitas y Snacks,5.24,2771,31.44
968,2024-03-20,3,23,3,4,Completa,12,3,Wednesday,1,Papas fritas,Congelados,8.23,3731,24.69
1071,2024-03-20,135,14,6,4,Completa,12,3,Wednesday,1,Facturas,Panadería,12.36,3125,74.16
1108,2024-03-20,270,25,6,2,Pendiente,12,3,Wednesday,1,Pizza congelada,Congelados,15.45,1640,92.69999999999999
1130,2024-03-20,213,4,2,2,Completa,12,3,Wednesday,1,Queso rallado,Lácteos,19.23,2099,38.46
1903,2024-03-20,278,33,2,5,Completa,12,3,Wednesday,1,Papas chips,Galletitas y Snacks,8.54,2837,17.08
1920,2024-03-20,184,36,6,3,Completa,12,3,Wednesday,1,Lentejas,Conservas,3.25,4578,19.5
1984,2024-03-20,321,38,2,1,Pendiente,12,3,Wednesday,1,Atún enlatado,Conservas,6.21,2182,12.42
2054,2024-03-20,209,37,3,5,Completa,12,3,Wednesday,1,Garbanzos,Conservas,3.65,1506,10.95
2720,2024-03-20,145,7,4,3,Completa,12,3,Wednesday,1,Chorizo,Carnicería,11.25,4068,45.0
911,2024-03-21,288,19,1,4,Completa,12,3,Thursday,1,Tomates,Frutas y Verduras,6.54,4041,6.54
1096,2024-03-21,204,37,5,4,Completa,12,3,Thursday,1,Garbanzos,Conservas,3.65,1506,18.25
1098,2024-03-21,178,25,3,4,Completa,12,3,Thursday,1,Pizza congelada,Congelados,15.45,1640,46.349999999999994
1473,2024-03-21,255,18,1,5,Pendiente,12,3,Thursday,1,Bananas,Frutas y Verduras,7.25,4720,7.25
1606,2024-03-21,278,27,6,4,Completa,12,3,Thursday,1,Agua mineral,Bebidas,6.21,4978,37.26
1998,2024-03-21,279,31,1,1,Pendiente,12,3,Thursday,1,Galletitas de agua,Galletitas y Snacks,5.24,2771,5.24
2243,2024-03-21,326,18,2,2,Completa,12,3,Thursday,1,Bananas,Frutas y Verduras,7.25,4720,14.5
2397,2024-03-21,238,32,2,3,Completa,12,3,Thursday,1,Galletitas de chocolate,Galletitas y Snacks,6.25,5057,12.5
416,2024-03-22,110,29,2,4,Completa,12,3,Friday,1,Cerveza,Bebidas,11.54,2455,23.08
608,2024-03-22,105,14,5,3,Completa,12,3,Friday,1,Facturas,Panadería,12.36,3125,61.8
1028,2024-03-22,267,31,3,4,Completa,12,3,Friday,1,Galletitas de agua,Galletitas y Snacks,5.24,2771,15.72
1118,2024-03-22,106,13,2,1,Completa,12,3,Friday,1,Pan integral,Panadería,12.56,2228,25.12
1210,2024-03-22,266,6,4,5,Completa,12,3,Friday,1,Asado,Carnicería,28.56,5137,114.24
1504,2024-03-22,168,3,4,4,Completa,12,3,Friday,1,Queso cremoso,Lácteos,17.23,3167,68.92
1773,2024-03-22,88,25,4,5,Completa,12,3,Friday,1,Pizza congelada,Congelados,15.45,1640,61.8
1809,2024-03-22,90,31,3,3,Completa,12,3,Friday,1,Galletitas de agua,Galletitas y Snacks,5.24,2771,15.72
2040,2024-03-22,313,12,5,1,Completa,12,3,Friday,1,Pan francés,Panadería,8.12,1619,40.599999999999994
2251,2024-03-22,238,36,4,5,Completa,12,3,Friday,1,Lentejas,Conservas,3.25,4578,13.0
2372,2024-03-22,177,8,1,1,Completa,12,3,Friday,1,Milanesa,Carnicería,16.21,3140,16.21
2907,2024-03-22,207,6,2,3,Completa,12,3,Friday,1,Asado,Carnicería,28.56,5137,57.12
405,2024-03-23,122,16,2,4,Pendiente,12,3,Saturday,1,Tortas,Panadería,15.23,3189,30.46
970,2024-03-23,212,16,6,3,Completa,12,3,Saturday,1,Tortas,Panadería,15.23,3189,91.38
1795,2024-03-23,1,12,6,4,Completa,12,3,Saturday,1,Pan francés,Panadería,8.12,1619,48.72
1814,2024-03-23,175,4,4,1,Completa,12,3,Saturday,1,Queso rallado,Lácteos,19.23,2099,76.92
2258,2024-03-23,17,33,3,4,Completa,12,3,Saturday,1,Papas chips,Galletitas y Snacks,8.54,2837,25.619999999999997
2467,2024-03-23,25,4,3,5,Completa,12,3,Saturday,1,Queso rallado,Lácteos,19.23,2099,57.69
2815,2024-03-23,171,1,6,5,Completa,12,3,Saturday,1,Leche,Lácteos,12.24,3327,73.44
785,2024-03-24,132,9,5,5,Completa,12,3,Sunday,1,Pollo,Carnicería,18.56,4051,92.8
1549,2024-03-24,260,17,1,2,Completa,12,3,Sunday,1,Manzanas,Frutas y Verduras,6.54,3383,6.54
1942,2024-03-24,41,31,1,4,Pendiente,12,3,Sunday,1,Galletitas de agua,Galletitas y Snacks,5.24,2771,5.24
1947,2024-03-24,288,29,2,5,Completa,12,3,Sunday,1,Cerveza,Bebidas,11.54,2455,23.08
2008,2024-03-24,162,15,4,4,Completa,12,3,Sunday,1,Medialunas,Panadería,3.51,4043,14.04
2861,2024-03-24,147,21,5,4,Completa,12,3,Sunday,1,Zanahorias,Frutas y Verduras,3.25,2800,16.25
113,2024-03-25,72,19,1,3,Pendiente,13,3,Monday,1,Tomates,Frutas y Verduras,6.54,4041,6.54
170,2024-03-25,269,20,3,4,Completa,13,3,Monday,1,Lechugas,Frutas y Verduras,4.25,1541,12.75
378,2024-03-25,199,25,1,4,Completa,13,3,Monday,1,Pizza congelada,Congelados,15.45,1640,15.45
1139,2024-03-25,8,36,5,1,Completa,13,3,Monday,1,Lentejas,Conservas,3.25,4578,16.25
1399,2024-03-25,90,27,2,3,Completa,13,3,Monday,1,Agua mineral,Bebidas,6.21,4978,12.42
1710,2024-03-25,131,27,1,3,Completa,13,3,Monday,1,Agua mineral,Bebidas,6.21,4978,6.21
1866,2024-03-25,272,5,5,1,Completa,13,3,Monday,1,Manteca,Lácteos,5.65,4929,28.25
2164,2024-03-25,292,36,5,5,Completa,13,3,Monday,1,Lentejas,Conservas,3.25,4578,16.25
2854,2024-03-25,208,33,2,5,Pendiente,13,3,Monday,1,Papas chips,Galletitas y Snacks,8.54,2837,17.08
2993,2024-03-25,117,4,2,1,Completa,13,3,Monday,1,Queso rallado,Lácteos,19.23,2099,38.46
464,2024-03-26,323,5,4,4,Completa,13,3,Tuesday,1,Manteca,Lácteos,5.65,4929,22.6
469,2024-03-26,134,17,4,4,Completa,13,3,Tuesday,1,Manzanas,Frutas y Verduras,6.54,3383,26.16
1025,2024-03-26,288,15,3,5,Pendiente,13,3,Tuesday,1,Medialunas,Panadería,3.51,4043,10.53
1125,2024-03-26,9,26,5,4,Pendiente,13,3,Tuesday,1,Hamburgesas congeladas,Congelados,9.54,1688,47.699999999999996
1321,2024-03-26,94,6,4,1,Completa,13,3,Tuesday,1,Asado,Carnicería,28.56,5137,114.24
1556,2024-03-26,65,8,2,1,Completa,13,3,Tuesday,1,Milanesa,Carnicería,16.21,3140,32.42
1667,2024-03-26,81,24,6,3,Completa,13,3,Tuesday,1,Empanadas,Congelados,13.54,2908,81.24
2182,2024-03-26,116,2,6,2,Completa,13,3,Tuesday,1,Yogur,Lácteos,5.21,3358,31.259999999999998
2570,2024-03-26,17,7,6,5,Completa,13,3,Tuesday,1,Chorizo,Carnicería,11.25,4068,67.5
2623,2024-03-26,237,3,5,4,Completa,13,3,Tuesday,1,Queso cremoso,Lácteos,17.23,3167,86.15
2683,2024-03-26,14,28,1,2,Completa,13,3,Tuesday,1,Jugos de frutas,Bebidas,9.45,3637,9.45
172,2024-03-27,268,24,6,1,Completa,13,3,Wednesday,1,Empanadas,Congelados,13.54,2908,81.24
295,2024-03-27,223,32,6,2,Completa,13,3,Wednesday,1,Galletitas de chocolate,Galletitas y Snacks,6.25,5057,37.5
559,2024-03-27,97,24,5,2,Completa,13,3,Wednesday,1,Empanadas,Congelados,13.54,2908,67.69999999999999
737,2024-03-27,48,30,1,5,Completa,13,3,Wednesday,1,Vino tinto,Bebidas,13.54,1363,13.54
1278,2024-03-27,11,29,5,4,Pendiente,13,3,Wednesday,1,Cerveza,Bebidas,11.54,2455,57.699999999999996
1312,2024-03-27,215,35,5,3,Completa,13,3,Wednesday,1,Arroz,Conservas,4.25,1437,21.25
1627,2024-03-27,323,13,1,5,Completa,13,3,Wednesday,1,Pan integral,Panadería,12.56,2228,12.56
1666,2024-03-27,56,25,1,3,Completa,13,3,Wednesday,1,Pizza congelada,Congelados,15.45,1640,15.45
1679,2024-03-27,273,38,4,3,Completa,13,3,Wednesday,1,Atún enlatado,Conservas,6.21,2182,24.84
2048,2024-03-27,261,25,3,4,Completa,13,3,Wednesday,1,Pizza congelada,Congelados,15.45,1640,46.349999999999994
2225,2024-03-27,269,34,1,4,Completa,13,3,Wednesday,1,Maníes,Galletitas y Snacks,5.45,4769,5.45
2630,2024-03-27,223,19,5,3,Completa,13,3,Wednesday,1,Tomates,Frutas y Verduras,6.54,4041,32.7
249,2024-03-28,1,31,2,5,Pendiente,13,3,Thursday,1,Galletitas de agua,Galletitas y Snacks,5.24,2771,10.48
279,2024-03-28,54,10,4,4,Completa,13,3,Thursday,1,Costilla de cerdo,Carnicería,14.25,2429,57.0
321,2024-03-28,205,35,4,5,Completa,13,3,Thursday,1,Arroz,Conservas,4.25,1437,17.0
669,2024-03-28,44,19,4,3,Completa,13,3,Thursday,1,Tomates,Frutas y Verduras,6.54,4041,26.16
988,2024-03-28,266,21,5,2,Completa,13,3,Thursday,1,Zanahorias,Frutas y Verduras,3.25,2800,16.25
1086,2024-03-28,40,22,6,5,Completa,13,3,Thursday,1,Cebolla,Frutas y Verduras,4.21,3545,25.259999999999998
1153,2024-03-28,130,27,6,3,Completa,13,3,Thursday,1,Agua mineral,Bebidas,6.21,4978,37.26
2507,2024-03-28,243,33,3,4,Completa,13,3,Thursday,1,Papas chips,Galletitas y Snacks,8.54,2837,25.619999999999997
86,2024-03-29,188,30,2,4,Completa,13,3,Friday,1,Vino tinto,Bebidas,13.54,1363,27.08
189,2024-03-29,170,30,1,1,Completa,13,3,Friday,1,Vino tinto,Bebidas,13.54,1363,13.54
468,2024-03-29,45,17,5,1,Completa,13,3,Friday,1,Manzanas,Frutas y Verduras,6.54,3383,32.7
511,2024-03-29,98,31,6,3,Completa,13,3,Friday,1,Galletitas de agua,Galletitas y Snacks,5.24,2771,31.44
1129,2024-03-29,275,36,4,4,Pendiente,13,3,Friday,1,Lentejas,Conservas,3.25,4578,13.0
1169,2024-03-29,8,28,5,4,Completa,13,3,Friday,1,Jugos de frutas,Bebidas,9.45,3637,47.25
1409,2024-03-29,86,14,6,4,Completa,13,3,Friday,1,Facturas,Panadería,12.36,3125,74.16
1828,2024-03-29,52,14,2,2,Completa,13,3,Friday,1,Facturas,Panadería,12.36,3125,24.72
2142,2024-03-29,165,23,2,1,Pendiente,13,3,Friday,1,Papas fritas,Congelados,8.23,3731,16.46
265,2024-03-30,257,28,1,1,Completa,13,3,Saturday,1,Jugos de frutas,Bebidas,9.45,3637,9.45
432,2024-03-30,197,25,5,3,Completa,13,3,Saturday,1,Pizza congelada,Congelados,15.45,1640,77.25
1624,2024-03-30,71,1,2,5,Completa,13,3,Saturday,1,Leche,Lácteos,12.24,3327,24.48
2580,2024-03-30,287,22,4,3,Pendiente,13,3,Saturday,1,Cebolla,Frutas y Verduras,4.21,3545,16.84
2863,2024-03-30,194,1,5,5,Completa,13,3,Saturday,1,Leche,Lácteos,12.24,3327,61.2
2891,2024-03-30,76,7,1,4,Completa,13,3,Saturday,1,Chorizo,Carnicería,11.25,4068,11.25
209,2024-03-31,311,35,3,2,Completa,13,3,Sunday,1,Arroz,Conservas,4.25,1437,12.75
293,2024-03-31,310,35,3,3,Completa,13,3,Sunday,1,Arroz,Conservas,4.25,1437,12.75
433,2024-03-31,218,29,6,5,Completa,13,3,Sunday,1,Cerveza,Bebidas,11.54,2455,69.24
590,2024-03-31,194,13,6,1,Completa,13,3,Sunday,1,Pan integral,Panadería,12.56,2228,75.36
853,2024-03-31,176,35,2,4,Completa,13,3,Sunday,1,Arroz,Conservas,4.25,1437,8.5
1045,2024-03-31,258,32,3,4,Completa,13,3,Sunday,1,Galletitas de chocolate,Galletitas y Snacks,6.25,5057,18.75
1705,2024-03-31,321,18,4,1,Completa,13,3,Sunday,1,Bananas,Frutas y Verduras,7.25,4720,29.0
1976,2024-03-31,299,18,6,5,Completa,13,3,Sunday,1,Bananas,Frutas y Verduras,7.25,4720,43.5
2213,2024-03-31,230,19,4,2,Pendiente,13,3,Sunday,1,Tomates,Frutas y Verduras,6.54,4041,26.16
2303,2024-04-01,314,2,1,5,Pendiente,14,4,Monday,2,Yogur,Lácteos,5.21,3358,5.21
2326,2024-04-01,201,26,3,5,Completa,14,4,Monday,2,Hamburgesas congeladas,Congelados,9.54,1688,28.619999999999997
2385,2024-04-01,76,12,4,3,Completa,14,4,Monday,2,Pan francés,Panadería,8.12,1619,32.48
2611,2024-04-01,63,1,4,5,Completa,14,4,Monday,2,Leche,Lácteos,12.24,3327,48.96
2914,2024-04-01,66,22,6,4,Pendiente,14,4,Monday,2,Cebolla,Frutas y Verduras,4.21,3545,25.259999999999998
160,2024-04-02,106,25,6,4,Completa,14,4,Tuesday,2,Pizza congelada,Congelados,15.45,1640,92.69999999999999
837,2024-04-02,102,4,3,1,Completa,14,4,Tuesday,2,Queso rallado,Lácteos,19.23,2099,57.69
1224,2024-04-02,60,4,3,5,Pendiente,14,4,Tuesday,2,Queso rallado,Lácteos,19.23,2099,57.69
1819,2024-04-02,192,22,5,1,Pendiente,14,4,Tuesday,2,Cebolla,Frutas y Verduras,4.21,3545,21.05
1968,2024-04-02,285,12,2,5,Pendiente,14,4,Tuesday,2,Pan francés,Panadería,8.12,1619,16.24
2413,2024-04-02,248,31,5,4,Completa,14,4,Tuesday,2,Galletitas de agua,Galletitas y Snacks,5.24,2771,26.200000000000003
2465,2024-04-02,240,9,3,2,Completa,14,4,Tuesday,2,Pollo,Carnicería,18.56,4051,55.67999999999999
2899,2024-04-02,163,34,5,1,Pendiente,14,4,Tuesday,2,Maníes,Galletitas y Snacks,5.45,4769,27.25
232,2024-04-03,144,24,3,3,Completa,14,4,Wednesday,2,Empanadas,Congelados,13.54,2908,40.62
339,2024-04-03,81,21,1,3,Completa,14,4,Wednesday,2,Zanahorias,Frutas y Verduras,3.25,2800,3.25
844,2024-04-03,258,22,2,2,Pendiente,14,4,Wednesday,2,Cebolla,Frutas y Verduras,4.21,3545,8.42
1687,2024-04-03,160,23,6,5,Completa,14,4,Wednesday,2,Papas fritas,Congelados,8.23,3731,49.38
1704,2024-04-03,104,3,4,4,Completa,14,4,Wednesday,2,Queso cremoso,Lácteos,17.23,3167,68.92
1913,2024-04-03,78,33,5,4,Completa,14,4,Wednesday,2,Papas chips,Galletitas y Snacks,8.54,2837,42.699999999999996
2532,2024-04-03,28,13,5,4,Completa,14,4,Wednesday,2,Pan integral,Panadería,12.56,2228,62.800000000000004
2571,2024-04-03,54,18,5,4,Completa,14,4,Wednesday,2,Bananas,Frutas y Verduras,7.25,4720,36.25
2641,2024-04-03,172,8,3,3,Completa,14,4,Wednesday,2,Milanesa,Carnicería,16.21,3140,48.63
2795,2024-04-03,39,8,5,4,Completa,14,4,Wednesday,2,Milanesa,Carnicería,16.21,3140,81.05000000000001
2954,2024-04-03,237,27,6,3,Completa,14,4,Wednesday,2,Agua mineral,Bebidas,6.21,4978,37.26
2961,2024-04-03,141,25,2,1,Completa,14,4,Wednesday,2,Pizza congelada,Congelados,15.45,1640,30.9
327,2024-04-04,203,27,4,2,Completa,14,4,Thursday,2,Agua mineral,Bebidas,6.21,4978,24.84
491,2024-04-04,25,5,5,5,Completa,14,4,Thursday,2,Manteca,Lácteos,5.65,4929,28.25
1175,2024-04-04,189,17,3,1,Completa,14,4,Thursday,2,Manzanas,Frutas y Verduras,6.54,3383,19.62
1417,2024-04-04,126,13,5,3,Completa,14,4,Thursday,2,Pan integral,Panadería,12.56,2228,62.800000000000004
1782,2024-04-04,145,13,2,3,Completa,14,4,Thursday,2,Pan integral,Panadería,12.56,2228,25.12
1872,2024-04-04,239,16,6,1,Completa,14,4,Thursday,2,Tortas,Panadería,15.23,3189,91.38
2844,2024-04-04,213,22,3,5,Completa,14,4,Thursday,2,Cebolla,Frutas y Verduras,4.21,3545,12.629999999999999
2879,2024-04-04,186,3,5,4,Completa,14,4,Thursday,2,Queso cremoso,Lácteos,17.23,3167,86.15
245,2024-04-05,101,32,4,4,Completa,14,4,Friday,2,Galletitas de chocolate,Galletitas y Snacks,6.25,5057,25.0
799,2024-04-05,55,19,1,5,Pendiente,14,4,Friday,2,Tomates,Frutas y Verduras,6.54,4041,6.54
905,2024-04-05,151,3,2,4,Completa,14,4,Friday,2,Queso cremoso,Lácteos,17.23,3167,34.46
1195,2024-04-05,47,16,3,3,Completa,14,4,Friday,2,Tortas,Panadería,15.23,3189,45.69
2276,2024-04-05,62,23,6,4,Pendiente,14,4,Friday,2,Papas fritas,Congelados,8.23,3731,49.38
2884,2024-04-05,307,32,3,1,Completa,14,4,Friday,2,Galletitas de chocolate,Galletitas y Snacks,6.25,5057,18.75
2945,2024-04-05,245,20,1,5,Completa,14,4,Friday,2,Lechugas,Frutas y Verduras,4.25,1541,4.25
2995,2024-04-05,38,34,5,5,Completa,14,4,Friday,2,Maníes,Galletitas y Snacks,5.45,4769,27.25
10,2024-04-06,232,37,2,3,Completa,14,4,Saturday,2,Garbanzos,Conservas,3.65,1506,7.3
1068,2024-04-06,318,6,3,5,Completa,14,4,Saturday,2,Asado,Carnicería,28.56,5137,85.67999999999999
1960,2024-04-06,266,30,3,5,Completa,14,4,Saturday,2,Vino tinto,Bebidas,13.54,1363,40.62
2718,2024-04-06,157,32,1,5,Completa,14,4,Saturday,2,Galletitas de chocolate,Galletitas y Snacks,6.25,5057,6.25
395,2024-04-07,75,32,5,5,Completa,14,4,Sunday,2,Galletitas de chocolate,Galletitas y Snacks,6.25,5057,31.25
453,2024-04-07,75,12,2,4,Completa,14,4,Sunday,2,Pan francés,Panadería,8.12,1619,16.24
657,2024-04-07,57,36,1,4,Completa,14,4,Sunday,2,Lentejas,Conservas,3.25,4578,3.25
1220,2024-04-07,224,38,5,3,Completa,14,4,Sunday,2,Atún enlatado,Conservas,6.21,2182,31.05
2084,2024-04-07,138,33,4,3,Completa,14,4,Sunday,2,Papas chips,Galletitas y Snacks,8.54,2837,34.16
2726,2024-04-07,166,17,6,4,Completa,14,4,Sunday,2,Manzanas,Frutas y Verduras,6.54,3383,39.24
2731,2024-04-07,132,5,3,1,Pendiente,14,4,Sunday,2,Manteca,Lácteos,5.65,4929,16.950000000000003
108,2024-04-08,153,17,4,4,Completa,15,4,Monday,2,Manzanas,Frutas y Verduras,6.54,3383,26.16
581,2024-04-08,297,6,1,3,Pendiente,15,4,Monday,2,Asado,Carnicería,28.56,5137,28.56
1470,2024-04-08,38,24,5,5,Completa,15,4,Monday,2,Empanadas,Congelados,13.54,2908,67.69999999999999
1834,2024-04-08,141,7,1,5,Completa,15,4,Monday,2,Chorizo,Carnicería,11.25,4068,11.25
1840,2024-04-08,241,12,6,3,Completa,15,4,Monday,2,Pan francés,Panadería,8.12,1619,48.72
2140,2024-04-08,174,9,1,4,Completa,15,4,Monday,2,Pollo,Carnicería,18.56,4051,18.56
2885,2024-04-08,245,24,1,2,Completa,15,4,Monday,2,Empanadas,Congelados,13.54,2908,13.54
80,2024-04-09,313,25,6,3,Completa,15,4,Tuesday,2,Pizza congelada,Congelados,15.45,1640,92.69999999999999
600,2024-04-09,142,14,2,4,Completa,15,4,Tuesday,2,Facturas,Panadería,12.36,3125,24.72
962,2024-04-09,275,8,2,4,Completa,15,4,Tuesday,2,Milanesa,Carnicería,16.21,3140,32.42
1331,2024-04-09,51,11,2,4,Completa,15,4,Tuesday,2,Salchicha,Carnicería,11.23,1726,22.46
1474,2024-04-09,321,9,1,4,Completa,15,4,Tuesday,2,Pollo,Carnicería,18.56,4051,18.56
2341,2024-04-09,23,10,3,5,Completa,15,4,Tuesday,2,Costilla de cerdo,Carnicería,14.25,2429,42.75
2716,2024-04-09,162,15,4,3,Completa,15,4,Tuesday,2,Medialunas,Panadería,3.51,4043,14.04
2920,2024-04-09,207,35,2,3,Completa,15,4,Tuesday,2,Arroz,Conservas,4.25,1437,8.5
102,2024-04-10,282,26,1,3,Completa,15,4,Wednesday,2,Hamburgesas congeladas,Congelados,9.54,1688,9.54
239,2024-04-10,197,37,6,5,Completa,15,4,Wednesday,2,Garbanzos,Conservas,3.65,1506,21.9
532,2024-04-10,233,1,3,1,Completa,15,4,Wednesday,2,Leche,Lácteos,12.24,3327,36.72
1046,2024-04-10,288,1,5,3,Completa,15,4,Wednesday,2,Leche,Lácteos,12.24,3327,61.2
1612,2024-04-10,68,20,4,4,Pendiente,15,4,Wednesday,2,Lechugas,Frutas y Verduras,4.25,1541,17.0
1904,2024-04-10,231,12,4,4,Completa,15,4,Wednesday,2,Pan francés,Panadería,8.12,1619,32.48
2490,2024-04-10,162,26,3,5,Completa,15,4,Wednesday,2,Hamburgesas congeladas,Congelados,9.54,1688,28.619999999999997
2758,2024-04-10,273,23,2,4,Completa,15,4,Wednesday,2,Papas fritas,Congelados,8.23,3731,16.46
2785,2024-04-10,191,17,6,5,Completa,15,4,Wednesday,2,Manzanas,Frutas y Verduras,6.54,3383,39.24
354,2024-04-11,195,29,6,1,Completa,15,4,Thursday,2,Cerveza,Bebidas,11.54,2455,69.24
677,2024-04-11,291,10,3,5,Completa,15,4,Thursday,2,Costilla de cerdo,Carnicería,14.25,2429,42.75
873,2024-04-11,72,26,1,4,Completa,15,4,Thursday,2,Hamburgesas congeladas,Congelados,9.54,1688,9.54
1110,2024-04-11,284,12,2,4,Completa,15,4,Thursday,2,Pan francés,Panadería,8.12,1619,16.24
2469,2024-04-11,79,36,4,5,Pendiente,15,4,Thursday,2,Lentejas,Conservas,3.25,4578,13.0
2561,2024-04-11,133,19,3,1,Completa,15,4,Thursday,2,Tomates,Frutas y Verduras,6.54,4041,19.62
379,2024-04-12,67,2,4,1,Completa,15,4,Friday,2,Yogur,Lácteos,5.21,3358,20.84
831,2024-04-12,94,19,4,3,Pendiente,15,4,Friday,2,Tomates,Frutas y Verduras,6.54,4041,26.16
1143,2024-04-12,266,20,2,5,Completa,15,4,Friday,2,Lechugas,Frutas y Verduras,4.25,1541,8.5
1149,2024-04-12,272,24,5,5,Completa,15,4,Friday,2,Empanadas,Congelados,13.54,2908,67.69999999999999
1157,2024-04-12,90,11,4,3,Completa,15,4,Friday,2,Salchicha,Carnicería,11.23,1726,44.92
1299,2024-04-12,223,16,3,3,Completa,15,4,Friday,2,Tortas,Panadería,15.23,3189,45.69
1647,2024-04-12,74,9,4,4,Completa,15,4,Friday,2,Pollo,Carnicería,18.56,4051,74.24
1698,2024-04-12,272,3,5,5,Completa,15,4,Friday,2,Queso cremoso,Lácteos,17.23,3167,86.15
1915,2024-04-12,21,27,4,4,Completa,15,4,Friday,2,Agua mineral,Bebidas,6.21,4978,24.84
2137,2024-04-12,202,5,1,4,Completa,15,4,Friday,2,Manteca,Lácteos,5.65,4929,5.65
2229,2024-04-12,312,27,2,1,Completa,15,4,Friday,2,Agua mineral,Bebidas,6.21,4978,12.42
2306,2024-04-12,242,2,6,3,Completa,15,4,Friday,2,Yogur,Lácteos,5.21,3358,31.259999999999998
2497,2024-04-12,105,26,5,4,Completa,15,4,Friday,2,Hamburgesas congeladas,Congelados,9.54,1688,47.699999999999996
2581,2024-04-12,260,26,2,4,Completa,15,4,Friday,2,Hamburgesas congeladas,Congelados,9.54,1688,19.08
328,2024-04-13,167,23,3,3,Pendiente,15,4,Saturday,2,Papas fritas,Congelados,8.23,3731,24.69
788,2024-04-13,52,33,1,2,Completa,15,4,Saturday,2,Papas chips,Galletitas y Snacks,8.54,2837,8.54
1574,2024-04-13,204,20,5,4,Completa,15,4,Saturday,2,Lechugas,Frutas y Verduras,4.25,1541,21.25
1899,2024-04-13,176,22,2,5,Completa,15,4,Saturday,2,Cebolla,Frutas y Verduras,4.21,3545,8.42
2138,2024-04-13,281,7,5,2,Completa,15,4,Saturday,2,Chorizo,Carnicería,11.25,4068,56.25
2159,2024-04-13,288,19,3,1,Completa,15,4,Saturday,2,Tomates,Frutas y Verduras,6.54,4041,19.62
2395,2024-04-13,248,12,5,3,Completa,15,4,Saturday,2,Pan francés,Panadería,8.12,1619,40.599999999999994
2403,2024-04-13,15,8,2,4,Completa,15,4,Saturday,2,Milanesa,Carnicería,16.21,3140,32.42
2458,2024-04-13,105,24,1,4,Pendiente,15,4,Saturday,2,Empanadas,Congelados,13.54,2908,13.54
248,2024-04-14,132,3,5,5,Pendiente,15,4,Sunday,2,Queso cremoso,Lácteos,17.23,3167,86.15
340,2024-04-14,271,19,2,3,Pendiente,15,4,Sunday,2,Tomates,Frutas y Verduras,6.54,4041,13.08
371,2024-04-14,105,5,2,4,Completa,15,4,Sunday,2,Manteca,Lácteos,5.65,4929,11.3
708,2024-04-14,164,17,3,1,Completa,15,4,Sunday,2,Manzanas,Frutas y Verduras,6.54,3383,19.62
864,2024-04-14,190,21,5,4,Completa,15,4,Sunday,2,Zanahorias,Frutas y Verduras,3.25,2800,16.25
1868,2024-04-14,234,19,6,1,Pendiente,15,4,Sunday,2,Tomates,Frutas y Verduras,6.54,4041,39.24
1922,2024-04-14,269,31,1,5,Pendiente,15,4,Sunday,2,Galletitas de agua,Galletitas y Snacks,5.24,2771,5.24
2051,2024-04-14,165,30,2,5,Completa,15,4,Sunday,2,Vino tinto,Bebidas,13.54,1363,27.08
2838,2024-04-14,41,28,2,3,Completa,15,4,Sunday,2,Jugos de frutas,Bebidas,9.45,3637,18.9
15,2024-04-15,219,34,4,3,Completa,16,4,Monday,2,Maníes,Galletitas y Snacks,5.45,4769,21.8
82,2024-04-15,246,27,3,4,Completa,16,4,Monday,2,Agua mineral,Bebidas,6.21,4978,18.63
194,2024-04-15,45,32,5,5,Pendiente,16,4,Monday,2,Galletitas de chocolate,Galletitas y Snacks,6.25,5057,31.25
361,2024-04-15,226,20,6,5,Completa,16,4,Monday,2,Lechugas,Frutas y Verduras,4.25,1541,25.5
431,2024-04-15,231,33,1,2,Completa,16,4,Monday,2,Papas chips,Galletitas y Snacks,8.54,2837,8.54
651,2024-04-15,150,8,6,3,Completa,16,4,Monday,2,Milanesa,Carnicería,16.21,3140,97.26
1001,2024-04-15,325,4,4,4,Completa,16,4,Monday,2,Queso rallado,Lácteos,19.23,2099,76.92
1286,2024-04-15,110,21,5,5,Pendiente,16,4,Monday,2,Zanahorias,Frutas y Verduras,3.25,2800,16.25
1498,2024-04-15,216,37,4,3,Completa,16,4,Monday,2,Garbanzos,Conservas,3.65,1506,14.6
2949,2024-04-15,24,28,6,4,Completa,16,4,Monday,2,Jugos de frutas,Bebidas,9.45,3637,56.699999999999996
399,2024-04-16,115,38,4,4,Completa,16,4,Tuesday,2,Atún enlatado,Conservas,6.21,2182,24.84
807,2024-04-16,181,1,5,3,Completa,16,4,Tuesday,2,Leche,Lácteos,12.24,3327,61.2
976,2024-04-16,110,31,2,4,Completa,16,4,Tuesday,2,Galletitas de agua,Galletitas y Snacks,5.24,2771,10.48
1258,2024-04-16,48,28,4,1,Completa,16,4,Tuesday,2,Jugos de frutas,Bebidas,9.45,3637,37.8
1307,2024-04-16,46,1,3,5,Completa,16,4,Tuesday,2,Leche,Lácteos,12.24,3327,36.72
1319,2024-04-16,28,3,1,4,Completa,16,4,Tuesday,2,Queso cremoso,Lácteos,17.23,3167,17.23
1717,2024-04-16,171,33,5,5,Completa,16,4,Tuesday,2,Papas chips,Galletitas y Snacks,8.54,2837,42.699999999999996
2162,2024-04-16,304,28,4,4,Pendiente,16,4,Tuesday,2,Jugos de frutas,Bebidas,9.45,3637,37.8
2407,2024-04-16,209,34,5,3,Completa,16,4,Tuesday,2,Maníes,Galletitas y Snacks,5.45,4769,27.25
547,2024-04-17,69,22,2,4,Pendiente,16,4,Wednesday,2,Cebolla,Frutas y Verduras,4.21,3545,8.42
1177,2024-04-17,192,22,1,4,Completa,16,4,Wednesday,2,Cebolla,Frutas y Verduras,4.21,3545,4.21
2368,2024-04-17,245,33,1,4,Completa,16,4,Wednesday,2,Papas chips,Galletitas y Snacks,8.54,2837,8.54
2962,2024-04-17,314,2,6,3,Pendiente,16,4,Wednesday,2,Yogur,Lácteos,5.21,3358,31.259999999999998
421,2024-04-18,86,28,3,4,Pendiente,16,4,Thursday,2,Jugos de frutas,Bebidas,9.45,3637,28.349999999999998
1107,2024-04-18,223,18,4,4,Pendiente,16,4,Thursday,2,Bananas,Frutas y Verduras,7.25,4720,29.0
1282,2024-04-18,280,31,1,2,Completa,16,4,Thursday,2,Galletitas de agua,Galletitas y Snacks,5.24,2771,5.24
1325,2024-04-18,89,24,6,1,Completa,16,4,Thursday,2,Empanadas,Congelados,13.54,2908,81.24
1379,2024-04-18,301,18,1,3,Completa,16,4,Thursday,2,Bananas,Frutas y Verduras,7.25,4720,7.25
1951,2024-04-18,212,8,6,1,Completa,16,4,Thursday,2,Milanesa,Carnicería,16.21,3140,97.26
2632,2024-04-18,53,31,6,3,Completa,16,4,Thursday,2,Galletitas de agua,Galletitas y Snacks,5.24,2771,31.44
2661,2024-04-18,121,29,3,2,Completa,16,4,Thursday,2,Cerveza,Bebidas,11.54,2455,34.62
2777,2024-04-18,24,28,6,4,Completa,16,4,Thursday,2,Jugos de frutas,Bebidas,9.45,3637,56.699999999999996
1320,2024-04-19,324,22,2,4,Pendiente,16,4,Friday,2,Cebolla,Frutas y Verduras,4.21,3545,8.42
2081,2024-04-19,206,3,1,1,Completa,16,4,Friday,2,Queso cremoso,Lácteos,17.23,3167,17.23
2087,2024-04-19,103,27,6,3,Completa,16,4,Friday,2,Agua mineral,Bebidas,6.21,4978,37.26
2149,2024-04-19,82,3,4,4,Completa,16,4,Friday,2,Queso cremoso,Lácteos,17.23,3167,68.92
2666,2024-04-19,12,36,3,3,Completa,16,4,Friday,2,Lentejas,Conservas,3.25,4578,9.75
724,2024-04-20,298,4,2,2,Completa,16,4,Saturday,2,Queso rallado,Lácteos,19.23,2099,38.46
800,2024-04-20,56,29,3,3,Completa,16,4,Saturday,2,Cerveza,Bebidas,11.54,2455,34.62
1575,2024-04-20,66,4,3,4,Completa,16,4,Saturday,2,Queso rallado,Lácteos,19.23,2099,57.69
1605,2024-04-20,180,20,6,2,Pendiente,16,4,Saturday,2,Lechugas,Frutas y Verduras,4.25,1541,25.5
1707,2024-04-20,223,30,2,5,Completa,16,4,Saturday,2,Vino tinto,Bebidas,13.54,1363,27.08
2092,2024-04-20,272,23,1,3,Completa,16,4,Saturday,2,Papas fritas,Congelados,8.23,3731,8.23
2205,2024-04-20,233,4,2,4,Completa,16,4,Saturday,2,Queso rallado,Lácteos,19.23,2099,38.46
2434,2024-04-20,211,28,5,3,Pendiente,16,4,Saturday,2,Jugos de frutas,Bebidas,9.45,3637,47.25
2596,2024-04-20,287,12,5,1,Completa,16,4,Saturday,2,Pan francés,Panadería,8.12,1619,40.599999999999994
2635,2024-04-20,263,34,5,1,Completa,16,4,Saturday,2,Maníes,Galletitas y Snacks,5.45,4769,27.25
135,2024-04-21,254,38,2,5,Completa,16,4,Sunday,2,Atún enlatado,Conservas,6.21,2182,12.42
259,2024-04-21,288,32,3,2,Completa,16,4,Sunday,2,Galletitas de chocolate,Galletitas y Snacks,6.25,5057,18.75
598,2024-04-21,186,4,1,1,Completa,16,4,Sunday,2,Queso rallado,Lácteos,19.23,2099,19.23
1026,2024-04-21,131,17,2,4,Pendiente,16,4,Sunday,2,Manzanas,Frutas y Verduras,6.54,3383,13.08
1194,2024-04-21,237,17,6,4,Completa,16,4,Sunday,2,Manzanas,Frutas y Verduras,6.54,3383,39.24
1456,2024-04-21,271,18,4,1,Completa,16,4,Sunday,2,Bananas,Frutas y Verduras,7.25,4720,29.0
1638,2024-04-21,151,18,1,4,Completa,16,4,Sunday,2,Bananas,Frutas y Verduras,7.25,4720,7.25
1714,2024-04-21,242,32,4,5,Completa,16,4,Sunday,2,Galletitas de chocolate,Galletitas y Snacks,6.25,5057,25.0
1894,2024-04-21,1,37,4,4,Completa,16,4,Sunday,2,Garbanzos,Conservas,3.65,1506,14.6
2055,2024-04-21,186,5,3,5,Completa,16,4,Sunday,2,Manteca,Lácteos,5.65,4929,16.950000000000003
2066,2024-04-21,288,11,1,4,Completa,16,4,Sunday,2,Salchicha,Carnicería,11.23,1726,11.23
2356,2024-04-21,139,19,1,4,Completa,16,4,Sunday,2,Tomates,Frutas y Verduras,6.54,4041,6.54
2426,2024-04-21,75,30,2,4,Completa,16,4,Sunday,2,Vino tinto,Bebidas,13.54,1363,27.08
2499,2024-04-21,310,24,1,3,Pendiente,16,4,Sunday,2,Empanadas,Congelados,13.54,2908,13.54
2827,2024-04-21,305,23,2,5,Completa,16,4,Sunday,2,Papas fritas,Congelados,8.23,3731,16.46
523,2024-04-22,107,12,2,1,Completa,17,4,Monday,2,Pan francés,Panadería,8.12,1619,16.24
806,2024-04-22,225,32,6,2,Completa,17,4,Monday,2,Galletitas de chocolate,Galletitas y Snacks,6.25,5057,37.5
1074,2024-04-22,320,38,6,3,Completa,17,4,Monday,2,Atún enlatado,Conservas,6.21,2182,37.26
1406,2024-04-22,100,23,1,3,Completa,17,4,Monday,2,Papas fritas,Congelados,8.23,3731,8.23
1806,2024-04-22,233,35,4,2,Completa,17,4,Monday,2,Arroz,Conservas,4.25,1437,17.0
1853,2024-04-22,273,5,5,4,Completa,17,4,Monday,2,Manteca,Lácteos,5.65,4929,28.25
2925,2024-04-22,209,18,3,2,Completa,17,4,Monday,2,Bananas,Frutas y Verduras,7.25,4720,21.75
61,2024-04-23,319,6,2,1,Completa,17,4,Tuesday,2,Asado,Carnicería,28.56,5137,57.12
849,2024-04-23,177,31,2,5,Completa,17,4,Tuesday,2,Galletitas de agua,Galletitas y Snacks,5.24,2771,10.48
1254,2024-04-23,294,4,2,4,Completa,17,4,Tuesday,2,Queso rallado,Lácteos,19.23,2099,38.46
1677,2024-04-23,122,5,1,2,Pendiente,17,4,Tuesday,2,Manteca,Lácteos,5.65,4929,5.65
1686,2024-04-23,73,37,1,4,Completa,17,4,Tuesday,2,Garbanzos,Conservas,3.65,1506,3.65
1732,2024-04-23,215,38,5,4,Completa,17,4,Tuesday,2,Atún enlatado,Conservas,6.21,2182,31.05
1800,2024-04-23,313,37,4,5,Pendiente,17,4,Tuesday,2,Garbanzos,Conservas,3.65,1506,14.6
119,2024-04-24,55,21,4,5,Completa,17,4,Wednesday,2,Zanahorias,Frutas y Verduras,3.25,2800,13.0
909,2024-04-24,287,31,1,1,Completa,17,4,Wednesday,2,Galletitas de agua,Galletitas y Snacks,5.24,2771,5.24
1460,2024-04-24,40,17,4,3,Completa,17,4,Wednesday,2,Manzanas,Frutas y Verduras,6.54,3383,26.16
1783,2024-04-24,301,11,2,4,Completa,17,4,Wednesday,2,Salchicha,Carnicería,11.23,1726,22.46
1996,2024-04-24,117,23,2,3,Completa,17,4,Wednesday,2,Papas fritas,Congelados,8.23,3731,16.46
2145,2024-04-24,38,12,4,2,Completa,17,4,Wednesday,2,Pan francés,Panadería,8.12,1619,32.48
2584,2024-04-24,141,5,4,4,Completa,17,4,Wednesday,2,Manteca,Lácteos,5.65,4929,22.6
2645,2024-04-24,182,32,6,5,Completa,17,4,Wednesday,2,Galletitas de chocolate,Galletitas y Snacks,6.25,5057,37.5
87,2024-04-25,152,26,6,5,Completa,17,4,Thursday,2,Hamburgesas congeladas,Congelados,9.54,1688,57.239999999999995
251,2024-04-25,158,4,1,4,Completa,17,4,Thursday,2,Queso rallado,Lácteos,19.23,2099,19.23
751,2024-04-25,259,23,2,1,Pendiente,17,4,Thursday,2,Papas fritas,Congelados,8.23,3731,16.46
792,2024-04-25,130,1,1,1,Completa,17,4,Thursday,2,Leche,Lácteos,12.24,3327,12.24
952,2024-04-25,207,7,3,3,Completa,17,4,Thursday,2,Chorizo,Carnicería,11.25,4068,33.75
1060,2024-04-25,56,29,5,3,Completa,17,4,Thursday,2,Cerveza,Bebidas,11.54,2455,57.699999999999996
1088,2024-04-25,274,30,2,2,Completa,17,4,Thursday,2,Vino tinto,Bebidas,13.54,1363,27.08
1657,2024-04-25,298,12,5,1,Completa,17,4,Thursday,2,Pan francés,Panadería,8.12,1619,40.599999999999994
1900,2024-04-25,222,24,2,3,Completa,17,4,Thursday,2,Empanadas,Congelados,13.54,2908,27.08
2184,2024-04-25,68,9,6,5,Completa,17,4,Thursday,2,Pollo,Carnicería,18.56,4051,111.35999999999999
2269,2024-04-25,13,24,6,1,Completa,17,4,Thursday,2,Empanadas,Congelados,13.54,2908,81.24
2615,2024-04-25,277,16,4,5,Completa,17,4,Thursday,2,Tortas,Panadería,15.23,3189,60.92
2974,2024-04-25,315,17,4,3,Completa,17,4,Thursday,2,Manzanas,Frutas y Verduras,6.54,3383,26.16
617,2024-04-26,313,8,6,1,Completa,17,4,Friday,2,Milanesa,Carnicería,16.21,3140,97.26
763,2024-04-26,254,27,2,3,Completa,17,4,Friday,2,Agua mineral,Bebidas,6.21,4978,12.42
826,2024-04-26,137,26,5,4,Completa,17,4,Friday,2,Hamburgesas congeladas,Congelados,9.54,1688,47.699999999999996
1616,2024-04-26,144,34,1,1,Completa,17,4,Friday,2,Maníes,Galletitas y Snacks,5.45,4769,5.45
1621,2024-04-26,193,2,2,1,Completa,17,4,Friday,2,Yogur,Lácteos,5.21,3358,10.42
1733,2024-04-26,185,10,5,5,Completa,17,4,Friday,2,Costilla de cerdo,Carnicería,14.25,2429,71.25
2117,2024-04-26,82,12,2,5,Completa,17,4,Friday,2,Pan francés,Panadería,8.12,1619,16.24
2554,2024-04-26,306,36,1,4,Completa,17,4,Friday,2,Lentejas,Conservas,3.25,4578,3.25
2741,2024-04-26,48,25,5,5,Completa,17,4,Friday,2,Pizza congelada,Congelados,15.45,1640,77.25
842,2024-04-27,307,14,4,4,Completa,17,4,Saturday,2,Facturas,Panadería,12.36,3125,49.44
889,2024-04-27,51,17,2,5,Completa,17,4,Saturday,2,Manzanas,Frutas y Verduras,6.54,3383,13.08
1128,2024-04-27,59,20,3,5,Completa,17,4,Saturday,2,Lechugas,Frutas y Verduras,4.25,1541,12.75
1266,2024-04-27,70,21,6,4,Completa,17,4,Saturday,2,Zanahorias,Frutas y Verduras,3.25,2800,19.5
1505,2024-04-27,13,8,5,4,Completa,17,4,Saturday,2,Milanesa,Carnicería,16.21,3140,81.05000000000001
1572,2024-04-27,314,24,1,4,Completa,17,4,Saturday,2,Empanadas,Congelados,13.54,2908,13.54
2169,2024-04-27,284,38,6,4,Completa,17,4,Saturday,2,Atún enlatado,Conservas,6.21,2182,37.26
2245,2024-04-27,167,22,4,3,Completa,17,4,Saturday,2,Cebolla,Frutas y Verduras,4.21,3545,16.84
2281,2024-04-27,283,10,5,4,Pendiente,17,4,Saturday,2,Costilla de cerdo,Carnicería,14.25,2429,71.25
592,2024-04-28,102,5,6,5,Pendiente,17,4,Sunday,2,Manteca,Lácteos,5.65,4929,33.900000000000006
858,2024-04-28,67,1,4,3,Pendiente,17,4,Sunday,2,Leche,Lácteos,12.24,3327,48.96
1689,2024-04-28,28,33,4,1,Completa,17,4,Sunday,2,Papas chips,Galletitas y Snacks,8.54,2837,34.16
1988,2024-04-28,114,21,2,5,Completa,17,4,Sunday,2,Zanahorias,Frutas y Verduras,3.25,2800,6.5
2128,2024-04-28,314,35,1,1,Pendiente,17,4,Sunday,2,Arroz,Conservas,4.25,1437,4.25
2539,2024-04-28,135,37,4,3,Completa,17,4,Sunday,2,Garbanzos,Conservas,3.65,1506,14.6
2799,2024-04-28,217,2,1,5,Pendiente,17,4,Sunday,2,Yogur,Lácteos,5.21,3358,5.21
2851,2024-04-28,316,33,4,1,Completa,17,4,Sunday,2,Papas chips,Galletitas y Snacks,8.54,2837,34.16
2957,2024-04-28,249,4,6,1,Completa,17,4,Sunday,2,Queso rallado,Lácteos,19.23,2099,115.38
217,2024-04-29,100,17,4,5,Completa,18,4,Monday,2,Manzanas,Frutas y Verduras,6.54,3383,26.16
1114,2024-04-29,47,38,6,4,Completa,18,4,Monday,2,Atún enlatado,Conservas,6.21,2182,37.26
1115,2024-04-29,159,1,6,2,Completa,18,4,Monday,2,Leche,Lácteos,12.24,3327,73.44
1207,2024-04-29,159,11,4,4,Completa,18,4,Monday,2,Salchicha,Carnicería,11.23,1726,44.92
1211,2024-04-29,104,4,5,5,Completa,18,4,Monday,2,Queso rallado,Lácteos,19.23,2099,96.15
1552,2024-04-29,21,6,6,1,Completa,18,4,Monday,2,Asado,Carnicería,28.56,5137,171.35999999999999
1889,2024-04-29,237,1,4,1,Completa,18,4,Monday,2,Leche,Lácteos,12.24,3327,48.96
1952,2024-04-29,190,19,4,5,Pendiente,18,4,Monday,2,Tomates,Frutas y Verduras,6.54,4041,26.16
2105,2024-04-29,85,12,1,3,Pendiente,18,4,Monday,2,Pan francés,Panadería,8.12,1619,8.12
2786,2024-04-29,106,7,6,1,Completa,18,4,Monday,2,Chorizo,Carnicería,11.25,4068,67.5
2999,2024-04-29,320,11,3,4,Completa,18,4,Monday,2,Salchicha,Carnicería,11.23,1726,33.69
353,2024-04-30,181,10,4,5,Completa,18,4,Tuesday,2,Costilla de cerdo,Carnicería,14.25,2429,57.0
625,2024-04-30,11,18,1,2,Completa,18,4,Tuesday,2,Bananas,Frutas y Verduras,7.25,4720,7.25
898,2024-04-30,179,9,6,4,Completa,18,4,Tuesday,2,Pollo,Carnicería,18.56,4051,111.35999999999999
1127,2024-04-30,136,6,2,4,Completa,18,4,Tuesday,2,Asado,Carnicería,28.56,5137,57.12
1238,2024-04-30,254,6,2,1,Pendiente,18,4,Tuesday,2,Asado,Carnicería,28.56,5137,57.12
1652,2024-04-30,106,19,4,3,Completa,18,4,Tuesday,2,Tomates,Frutas y Verduras,6.54,4041,26.16
2222,2024-04-30,163,21,1,3,Completa,18,4,Tuesday,2,Zanahorias,Frutas y Verduras,3.25,2800,3.25
2402,2024-04-30,90,16,6,2,Completa,18,4,Tuesday,2,Tortas,Panadería,15.23,3189,91.38
2495,2024-04-30,299,7,4,4,Completa,18,4,Tuesday,2,Chorizo,Carnicería,11.25,4068,45.0
419,2024-05-01,149,2,2,3,Completa,18,5,Wednesday,2,Yogur,Lácteos,5.21,3358,10.42
659,2024-05-01,213,1,2,3,Completa,18,5,Wednesday,2,Leche,Lácteos,12.24,3327,24.48
1237,2024-05-01,247,37,6,4,Completa,18,5,Wednesday,2,Garbanzos,Conservas,3.65,1506,21.9
1247,2024-05-01,87,25,6,1,Completa,18,5,Wednesday,2,Pizza congelada,Congelados,15.45,1640,92.69999999999999
1472,2024-05-01,1,12,2,3,Completa,18,5,Wednesday,2,Pan francés,Panadería,8.12,1619,16.24
1961,2024-05-01,177,35,3,5,Completa,18,5,Wednesday,2,Arroz,Conservas,4.25,1437,12.75
1986,2024-05-01,278,17,6,5,Completa,18,5,Wednesday,2,Manzanas,Frutas y Verduras,6.54,3383,39.24
2659,2024-05-01,274,13,5,4,Completa,18,5,Wednesday,2,Pan integral,Panadería,12.56,2228,62.800000000000004
2890,2024-05-01,156,8,5,4,Completa,18,5,Wednesday,2,Milanesa,Carnicería,16.21,3140,81.05000000000001
169,2024-05-02,279,24,4,2,Completa,18,5,Thursday,2,Empanadas,Congelados,13.54,2908,54.16
287,2024-05-02,70,23,6,2,Completa,18,5,Thursday,2,Papas fritas,Congelados,8.23,3731,49.38
692,2024-05-02,303,3,5,5,Completa,18,5,Thursday,2,Queso cremoso,Lácteos,17.23,3167,86.15
1609,2024-05-02,286,15,3,2,Completa,18,5,Thursday,2,Medialunas,Panadería,3.51,4043,10.53
1926,2024-05-02,55,33,1,4,Completa,18,5,Thursday,2,Papas chips,Galletitas y Snacks,8.54,2837,8.54
2810,2024-05-02,314,12,2,1,Pendiente,18,5,Thursday,2,Pan francés,Panadería,8.12,1619,16.24
2826,2024-05-02,323,34,1,5,Completa,18,5,Thursday,2,Maníes,Galletitas y Snacks,5.45,4769,5.45
2883,2024-05-02,251,5,1,5,Completa,18,5,Thursday,2,Manteca,Lácteos,5.65,4929,5.65
2938,2024-05-02,12,31,5,4,Completa,18,5,Thursday,2,Galletitas de agua,Galletitas y Snacks,5.24,2771,26.200000000000003
60,2024-05-03,53,20,5,3,Completa,18,5,Friday,2,Lechugas,Frutas y Verduras,4.25,1541,21.25
270,2024-05-03,326,8,6,5,Pendiente,18,5,Friday,2,Milanesa,Carnicería,16.21,3140,97.26
472,2024-05-03,123,33,4,3,Completa,18,5,Friday,2,Papas chips,Galletitas y Snacks,8.54,2837,34.16
1274,2024-05-03,187,17,4,1,Completa,18,5,Friday,2,Manzanas,Frutas y Verduras,6.54,3383,26.16
1655,2024-05-03,293,27,5,4,Completa,18,5,Friday,2,Agua mineral,Bebidas,6.21,4978,31.05
1774,2024-05-03,232,8,3,4,Completa,18,5,Friday,2,Milanesa,Carnicería,16.21,3140,48.63
2109,2024-05-03,284,1,2,1,Completa,18,5,Friday,2,Leche,Lácteos,12.24,3327,24.48
2388,2024-05-03,128,37,2,5,Completa,18,5,Friday,2,Garbanzos,Conservas,3.65,1506,7.3
2898,2024-05-03,188,1,5,4,Completa,18,5,Friday,2,Leche,Lácteos,12.24,3327,61.2
2943,2024-05-03,181,17,3,1,Completa,18,5,Friday,2,Manzanas,Frutas y Verduras,6.54,3383,19.62
103,2024-05-04,98,17,3,5,Completa,18,5,Saturday,2,Manzanas,Frutas y Verduras,6.54,3383,19.62
238,2024-05-04,25,2,2,3,Completa,18,5,Saturday,2,Yogur,Lácteos,5.21,3358,10.42
727,2024-05-04,241,4,6,3,Completa,18,5,Saturday,2,Queso rallado,Lácteos,19.23,2099,115.38
766,2024-05-04,166,8,6,3,Pendiente,18,5,Saturday,2,Milanesa,Carnicería,16.21,3140,97.26
1613,2024-05-04,12,3,5,1,Completa,18,5,Saturday,2,Queso cremoso,Lácteos,17.23,3167,86.15
1743,2024-05-04,9,1,4,4,Completa,18,5,Saturday,2,Leche,Lácteos,12.24,3327,48.96
2146,2024-05-04,278,15,2,4,Completa,18,5,Saturday,2,Medialunas,Panadería,3.51,4043,7.02
2605,2024-05-04,210,24,6,5,Completa,18,5,Saturday,2,Empanadas,Congelados,13.54,2908,81.24
174,2024-05-05,264,2,1,3,Completa,18,5,Sunday,2,Yogur,Lácteos,5.21,3358,5.21
1738,2024-05-05,198,10,4,4,Completa,18,5,Sunday,2,Costilla de cerdo,Carnicería,14.25,2429,57.0
2313,2024-05-05,122,33,2,3,Completa,18,5,Sunday,2,Papas chips,Galletitas y Snacks,8.54,2837,17.08
2473,2024-05-05,181,37,5,4,Completa,18,5,Sunday,2,Garbanzos,Conservas,3.65,1506,18.25
2544,2024-05-05,34,30,1,1,Completa,18,5,Sunday,2,Vino tinto,Bebidas,13.54,1363,13.54
2840,2024-05-05,289,35,3,4,Completa,18,5,Sunday,2,Arroz,Conservas,4.25,1437,12.75
2924,2024-05-05,158,2,6,1,Completa,18,5,Sunday,2,Yogur,Lácteos,5.21,3358,31.259999999999998
2997,2024-05-05,178,25,2,5,Completa,18,5,Sunday,2,Pizza congelada,Congelados,15.45,1640,30.9
455,2024-05-06,4,27,4,3,Completa,19,5,Monday,2,Agua mineral,Bebidas,6.21,4978,24.84
614,2024-05-06,245,34,3,5,Completa,19,5,Monday,2,Maníes,Galletitas y Snacks,5.45,4769,16.35
815,2024-05-06,186,5,2,4,Completa,19,5,Monday,2,Manteca,Lácteos,5.65,4929,11.3
1424,2024-05-06,174,35,1,5,Completa,19,5,Monday,2,Arroz,Conservas,4.25,1437,4.25
1433,2024-05-06,222,16,1,1,Pendiente,19,5,Monday,2,Tortas,Panadería,15.23,3189,15.23
1517,2024-05-06,106,31,5,5,Completa,19,5,Monday,2,Galletitas de agua,Galletitas y Snacks,5.24,2771,26.200000000000003
2379,2024-05-06,321,13,5,1,Completa,19,5,Monday,2,Pan integral,Panadería,12.56,2228,62.800000000000004
2602,2024-05-06,157,37,1,5,Completa,19,5,Monday,2,Garbanzos,Conservas,3.65,1506,3.65
2950,2024-05-06,307,26,4,1,Completa,19,5,Monday,2,Hamburgesas congeladas,Congelados,9.54,1688,38.16
140,2024-05-07,220,29,3,5,Completa,19,5,Tuesday,2,Cerveza,Bebidas,11.54,2455,34.62
686,2024-05-07,171,16,1,3,Completa,19,5,Tuesday,2,Tortas,Panadería,15.23,3189,15.23
1250,2024-05-07,234,8,1,2,Completa,19,5,Tuesday,2,Milanesa,Carnicería,16.21,3140,16.21
1734,2024-05-07,311,8,3,5,Completa,19,5,Tuesday,2,Milanesa,Carnicería,16.21,3140,48.63
1739,2024-05-07,222,2,4,4,Completa,19,5,Tuesday,2,Yogur,Lácteos,5.21,3358,20.84
1802,2024-05-07,81,30,6,2,Completa,19,5,Tuesday,2,Vino tinto,Bebidas,13.54,1363,81.24
2110,2024-05-07,27,29,5,2,Pendiente,19,5,Tuesday,2,Cerveza,Bebidas,11.54,2455,57.699999999999996
2136,2024-05-07,150,12,6,2,Completa,19,5,Tuesday,2,Pan francés,Panadería,8.12,1619,48.72
2568,2024-05-07,92,33,4,4,Completa,19,5,Tuesday,2,Papas chips,Galletitas y Snacks,8.54,2837,34.16
897,2024-05-08,234,23,5,4,Completa,19,5,Wednesday,2,Papas fritas,Congelados,8.23,3731,41.150000000000006
1051,2024-05-08,308,7,2,5,Pendiente,19,5,Wednesday,2,Chorizo,Carnicería,11.25,4068,22.5
1235,2024-05-08,250,16,6,3,Cancelada,19,5,Wednesday,2,Tortas,Panadería,15.23,3189,91.38
1270,2024-05-08,173,29,6,4,Completa,19,5,Wednesday,2,Cerveza,Bebidas,11.54,2455,69.24
1648,2024-05-08,50,31,1,5,Completa,19,5,Wednesday,2,Galletitas de agua,Galletitas y Snacks,5.24,2771,5.24
1659,2024-05-08,283,21,4,5,Pendiente,19,5,Wednesday,2,Zanahorias,Frutas y Verduras,3.25,2800,13.0
2487,2024-05-08,250,35,5,3,Pendiente,19,5,Wednesday,2,Arroz,Conservas,4.25,1437,21.25
1019,2024-05-09,225,26,4,4,Completa,19,5,Thursday,2,Hamburgesas congeladas,Congelados,9.54,1688,38.16
1921,2024-05-09,192,24,6,4,Completa,19,5,Thursday,2,Empanadas,Congelados,13.54,2908,81.24
2193,2024-05-09,244,30,5,1,Completa,19,5,Thursday,2,Vino tinto,Bebidas,13.54,1363,67.69999999999999
2452,2024-05-09,215,32,5,1,Completa,19,5,Thursday,2,Galletitas de chocolate,Galletitas y Snacks,6.25,5057,31.25
2485,2024-05-09,66,6,5,5,Completa,19,5,Thursday,2,Asado,Carnicería,28.56,5137,142.79999999999998
90,2024-05-10,161,16,3,5,Completa,19,5,Friday,2,Tortas,Panadería,15.23,3189,45.69
182,2024-05-10,301,13,2,3,Completa,19,5,Friday,2,Pan integral,Panadería,12.56,2228,25.12
303,2024-05-10,216,3,1,4,Pendiente,19,5,Friday,2,Queso cremoso,Lácteos,17.23,3167,17.23
422,2024-05-10,81,11,2,4,Completa,19,5,Friday,2,Salchicha,Carnicería,11.23,1726,22.46
524,2024-05-10,54,7,4,4,Pendiente,19,5,Friday,2,Chorizo,Carnicería,11.25,4068,45.0
778,2024-05-10,46,6,1,4,Completa,19,5,Friday,2,Asado,Carnicería,28.56,5137,28.56
1031,2024-05-10,103,10,4,5,Completa,19,5,Friday,2,Costilla de cerdo,Carnicería,14.25,2429,57.0
1268,2024-05-10,14,8,4,1,Pendiente,19,5,Friday,2,Milanesa,Carnicería,16.21,3140,64.84
1385,2024-05-10,151,13,4,5,Completa,19,5,Friday,2,Pan integral,Panadería,12.56,2228,50.24
1387,2024-05-10,156,27,6,5,Completa,19,5,Friday,2,Agua mineral,Bebidas,6.21,4978,37.26
1447,2024-05-10,75,37,2,5,Completa,19,5,Friday,2,Garbanzos,Conservas,3.65,1506,7.3
1467,2024-05-10,59,4,1,1,Completa,19,5,Friday,2,Queso rallado,Lácteos,19.23,2099,19.23
1824,2024-05-10,73,26,3,1,Completa,19,5,Friday,2,Hamburgesas congeladas,Congelados,9.54,1688,28.619999999999997
2005,2024-05-10,45,28,3,4,Pendiente,19,5,Friday,2,Jugos de frutas,Bebidas,9.45,3637,28.349999999999998
2311,2024-05-10,45,18,2,4,Completa,19,5,Friday,2,Bananas,Frutas y Verduras,7.25,4720,14.5
2794,2024-05-10,114,38,2,5,Pendiente,19,5,Friday,2,Atún enlatado,Conservas,6.21,2182,12.42
63,2024-05-11,180,33,1,3,Completa,19,5,Saturday,2,Papas chips,Galletitas y Snacks,8.54,2837,8.54
214,2024-05-11,9,8,2,5,Completa,19,5,Saturday,2,Milanesa,Carnicería,16.21,3140,32.42
857,2024-05-11,325,24,1,1,Completa,19,5,Saturday,2,Empanadas,Congelados,13.54,2908,13.54
1050,2024-05-11,115,27,3,4,Completa,19,5,Saturday,2,Agua mineral,Bebidas,6.21,4978,18.63
1140,2024-05-11,184,23,1,5,Pendiente,19,5,Saturday,2,Papas fritas,Congelados,8.23,3731,8.23
1351,2024-05-11,222,4,5,5,Completa,19,5,Saturday,2,Queso rallado,Lácteos,19.23,2099,96.15
1747,2024-05-11,138,15,4,2,Completa,19,5,Saturday,2,Medialunas,Panadería,3.51,4043,14.04
1847,2024-05-11,56,18,5,4,Pendiente,19,5,Saturday,2,Bananas,Frutas y Verduras,7.25,4720,36.25
1876,2024-05-11,265,3,6,5,Completa,19,5,Saturday,2,Queso cremoso,Lácteos,17.23,3167,103.38
2332,2024-05-11,301,3,2,5,Completa,19,5,Saturday,2,Queso cremoso,Lácteos,17.23,3167,34.46
2520,2024-05-11,103,10,5,5,Completa,19,5,Saturday,2,Costilla de cerdo,Carnicería,14.25,2429,71.25
2567,2024-05-11,56,27,3,5,Completa,19,5,Saturday,2,Agua mineral,Bebidas,6.21,4978,18.63
2892,2024-05-11,185,27,3,5,Completa,19,5,Saturday,2,Agua mineral,Bebidas,6.21,4978,18.63
49,2024-05-12,237,26,3,5,Pendiente,19,5,Sunday,2,Hamburgesas congeladas,Congelados,9.54,1688,28.619999999999997
350,2024-05-12,98,34,3,1,Completa,19,5,Sunday,2,Maníes,Galletitas y Snacks,5.45,4769,16.35
715,2024-05-12,281,11,1,4,Completa,19,5,Sunday,2,Salchicha,Carnicería,11.23,1726,11.23
1151,2024-05-12,59,5,3,5,Completa,19,5,Sunday,2,Manteca,Lácteos,5.65,4929,16.950000000000003
1923,2024-05-12,112,18,5,5,Completa,19,5,Sunday,2,Bananas,Frutas y Verduras,7.25,4720,36.25
2114,2024-05-12,119,17,4,5,Pendiente,19,5,Sunday,2,Manzanas,Frutas y Verduras,6.54,3383,26.16
2289,2024-05-12,288,32,6,1,Pendiente,19,5,Sunday,2,Galletitas de chocolate,Galletitas y Snacks,6.25,5057,37.5
2344,2024-05-12,76,12,6,1,Completa,19,5,Sunday,2,Pan francés,Panadería,8.12,1619,48.72
449,2024-05-13,21,34,4,5,Completa,20,5,Monday,2,Maníes,Galletitas y Snacks,5.45,4769,21.8
684,2024-05-13,180,26,3,3,Completa,20,5,Monday,2,Hamburgesas congeladas,Congelados,9.54,1688,28.619999999999997
902,2024-05-13,316,37,6,4,Completa,20,5,Monday,2,Garbanzos,Conservas,3.65,1506,21.9
1067,2024-05-13,271,27,3,5,Completa,20,5,Monday,2,Agua mineral,Bebidas,6.21,4978,18.63
1097,2024-05-13,102,31,3,5,Completa,20,5,Monday,2,Galletitas de agua,Galletitas y Snacks,5.24,2771,15.72
1731,2024-05-13,231,30,3,5,Pendiente,20,5,Monday,2,Vino tinto,Bebidas,13.54,1363,40.62
2020,2024-05-13,265,6,1,1,Completa,20,5,Monday,2,Asado,Carnicería,28.56,5137,28.56
2493,2024-05-13,36,3,2,5,Completa,20,5,Monday,2,Queso cremoso,Lácteos,17.23,3167,34.46
2728,2024-05-13,49,6,6,4,Completa,20,5,Monday,2,Asado,Carnicería,28.56,5137,171.35999999999999
37,2024-05-14,12,36,5,4,Completa,20,5,Tuesday,2,Lentejas,Conservas,3.25,4578,16.25
337,2024-05-14,247,28,1,1,Completa,20,5,Tuesday,2,Jugos de frutas,Bebidas,9.45,3637,9.45
744,2024-05-14,326,9,1,5,Pendiente,20,5,Tuesday,2,Pollo,Carnicería,18.56,4051,18.56
796,2024-05-14,281,37,4,1,Completa,20,5,Tuesday,2,Garbanzos,Conservas,3.65,1506,14.6
1155,2024-05-14,113,37,6,1,Completa,20,5,Tuesday,2,Garbanzos,Conservas,3.65,1506,21.9
1685,2024-05-14,96,31,2,4,Completa,20,5,Tuesday,2,Galletitas de agua,Galletitas y Snacks,5.24,2771,10.48
1699,2024-05-14,24,32,3,5,Completa,20,5,Tuesday,2,Galletitas de chocolate,Galletitas y Snacks,6.25,5057,18.75
1933,2024-05-14,314,12,5,3,Completa,20,5,Tuesday,2,Pan francés,Panadería,8.12,1619,40.599999999999994
2564,2024-05-14,117,8,2,4,Completa,20,5,Tuesday,2,Milanesa,Carnicería,16.21,3140,32.42
2583,2024-05-14,220,26,4,4,Completa,20,5,Tuesday,2,Hamburgesas congeladas,Congelados,9.54,1688,38.16
2590,2024-05-14,283,21,4,3,Completa,20,5,Tuesday,2,Zanahorias,Frutas y Verduras,3.25,2800,13.0
505,2024-05-15,316,38,5,4,Completa,20,5,Wednesday,2,Atún enlatado,Conservas,6.21,2182,31.05
1100,2024-05-15,18,29,2,2,Completa,20,5,Wednesday,2,Cerveza,Bebidas,11.54,2455,23.08
1691,2024-05-15,283,9,1,4,Completa,20,5,Wednesday,2,Pollo,Carnicería,18.56,4051,18.56
1860,2024-05-15,54,28,5,3,Completa,20,5,Wednesday,2,Jugos de frutas,Bebidas,9.45,3637,47.25
1875,2024-05-15,6,5,2,3,Completa,20,5,Wednesday,2,Manteca,Lácteos,5.65,4929,11.3
1932,2024-05-15,146,37,1,5,Completa,20,5,Wednesday,2,Garbanzos,Conservas,3.65,1506,3.65
2241,2024-05-15,25,9,3,4,Completa,20,5,Wednesday,2,Pollo,Carnicería,18.56,4051,55.67999999999999
655,2024-05-16,24,20,3,5,Completa,20,5,Thursday,2,Lechugas,Frutas y Verduras,4.25,1541,12.75
728,2024-05-16,193,23,1,3,Completa,20,5,Thursday,2,Papas fritas,Congelados,8.23,3731,8.23
1358,2024-05-16,115,19,2,5,Completa,20,5,Thursday,2,Tomates,Frutas y Verduras,6.54,4041,13.08
1368,2024-05-16,57,11,6,1,Completa,20,5,Thursday,2,Salchicha,Carnicería,11.23,1726,67.38
1665,2024-05-16,191,26,3,1,Completa,20,5,Thursday,2,Hamburgesas congeladas,Congelados,9.54,1688,28.619999999999997
1870,2024-05-16,307,29,3,1,Completa,20,5,Thursday,2,Cerveza,Bebidas,11.54,2455,34.62
2221,2024-05-16,63,20,6,1,Completa,20,5,Thursday,2,Lechugas,Frutas y Verduras,4.25,1541,25.5
2339,2024-05-16,6,21,6,5,Completa,20,5,Thursday,2,Zanahorias,Frutas y Verduras,3.25,2800,19.5
2921,2024-05-16,262,2,1,1,Pendiente,20,5,Thursday,2,Yogur,Lácteos,5.21,3358,5.21
1269,2024-05-17,106,7,4,5,Completa,20,5,Friday,2,Chorizo,Carnicería,11.25,4068,45.0
1294,2024-05-17,325,28,1,4,Completa,20,5,Friday,2,Jugos de frutas,Bebidas,9.45,3637,9.45
1415,2024-05-17,119,8,5,4,Completa,20,5,Friday,2,Milanesa,Carnicería,16.21,3140,81.05000000000001
1569,2024-05-17,194,33,5,3,Completa,20,5,Friday,2,Papas chips,Galletitas y Snacks,8.54,2837,42.699999999999996
1804,2024-05-17,184,4,2,1,Completa,20,5,Friday,2,Queso rallado,Lácteos,19.23,2099,38.46
2451,2024-05-17,311,12,1,3,Completa,20,5,Friday,2,Pan francés,Panadería,8.12,1619,8.12
2674,2024-05-17,165,20,2,3,Completa,20,5,Friday,2,Lechugas,Frutas y Verduras,4.25,1541,8.5
2882,2024-05-17,23,25,2,5,Completa,20,5,Friday,2,Pizza congelada,Congelados,15.45,1640,30.9
808,2024-05-18,273,28,6,1,Pendiente,20,5,Saturday,2,Jugos de frutas,Bebidas,9.45,3637,56.699999999999996
989,2024-05-18,115,6,4,3,Pendiente,20,5,Saturday,2,Asado,Carnicería,28.56,5137,114.24
1431,2024-05-18,43,29,3,5,Completa,20,5,Saturday,2,Cerveza,Bebidas,11.54,2455,34.62
1703,2024-05-18,150,37,3,4,Completa,20,5,Saturday,2,Garbanzos,Conservas,3.65,1506,10.95
1905,2024-05-18,275,16,1,1,Completa,20,5,Saturday,2,Tortas,Panadería,15.23,3189,15.23
58,2024-05-19,157,5,6,1,Pendiente,20,5,Sunday,2,Manteca,Lácteos,5.65,4929,33.900000000000006
263,2024-05-19,130,2,1,3,Completa,20,5,Sunday,2,Yogur,Lácteos,5.21,3358,5.21
542,2024-05-19,64,15,1,3,Completa,20,5,Sunday,2,Medialunas,Panadería,3.51,4043,3.51
1239,2024-05-19,254,34,1,1,Completa,20,5,Sunday,2,Maníes,Galletitas y Snacks,5.45,4769,5.45
1328,2024-05-19,91,29,2,4,Completa,20,5,Sunday,2,Cerveza,Bebidas,11.54,2455,23.08
1838,2024-05-19,299,26,5,4,Completa,20,5,Sunday,2,Hamburgesas congeladas,Congelados,9.54,1688,47.699999999999996
1974,2024-05-19,99,17,1,4,Completa,20,5,Sunday,2,Manzanas,Frutas y Verduras,6.54,3383,6.54
2232,2024-05-19,64,20,1,1,Completa,20,5,Sunday,2,Lechugas,Frutas y Verduras,4.25,1541,4.25
180,2024-05-20,58,25,3,3,Pendiente,21,5,Monday,2,Pizza congelada,Congelados,15.45,1640,46.349999999999994
227,2024-05-20,271,7,6,2,Completa,21,5,Monday,2,Chorizo,Carnicería,11.25,4068,67.5
461,2024-05-20,185,16,1,5,Completa,21,5,Monday,2,Tortas,Panadería,15.23,3189,15.23
824,2024-05-20,292,38,1,1,Pendiente,21,5,Monday,2,Atún enlatado,Conservas,6.21,2182,6.21
1587,2024-05-20,153,31,1,4,Completa,21,5,Monday,2,Galletitas de agua,Galletitas y Snacks,5.24,2771,5.24
1727,2024-05-20,128,14,6,3,Completa,21,5,Monday,2,Facturas,Panadería,12.36,3125,74.16
1823,2024-05-20,189,4,1,4,Completa,21,5,Monday,2,Queso rallado,Lácteos,19.23,2099,19.23
1831,2024-05-20,306,10,4,2,Completa,21,5,Monday,2,Costilla de cerdo,Carnicería,14.25,2429,57.0
1919,2024-05-20,67,36,3,4,Pendiente,21,5,Monday,2,Lentejas,Conservas,3.25,4578,9.75
2196,2024-05-20,175,23,2,4,Completa,21,5,Monday,2,Papas fritas,Congelados,8.23,3731,16.46
2928,2024-05-20,159,15,1,1,Completa,21,5,Monday,2,Medialunas,Panadería,3.51,4043,3.51
380,2024-05-21,24,5,5,4,Pendiente,21,5,Tuesday,2,Manteca,Lácteos,5.65,4929,28.25
652,2024-05-21,316,23,1,4,Completa,21,5,Tuesday,2,Papas fritas,Congelados,8.23,3731,8.23
723,2024-05-21,101,10,3,3,Pendiente,21,5,Tuesday,2,Costilla de cerdo,Carnicería,14.25,2429,42.75
1248,2024-05-21,86,2,3,1,Pendiente,21,5,Tuesday,2,Yogur,Lácteos,5.21,3358,15.629999999999999
1398,2024-05-21,202,24,3,4,Completa,21,5,Tuesday,2,Empanadas,Congelados,13.54,2908,40.62
1448,2024-05-21,289,26,5,5,Completa,21,5,Tuesday,2,Hamburgesas congeladas,Congelados,9.54,1688,47.699999999999996
1888,2024-05-21,281,32,5,3,Completa,21,5,Tuesday,2,Galletitas de chocolate,Galletitas y Snacks,6.25,5057,31.25
2712,2024-05-21,303,30,5,1,Completa,21,5,Tuesday,2,Vino tinto,Bebidas,13.54,1363,67.69999999999999
141,2024-05-22,115,5,3,5,Pendiente,21,5,Wednesday,2,Manteca,Lácteos,5.65,4929,16.950000000000003
329,2024-05-22,234,13,2,5,Completa,21,5,Wednesday,2,Pan integral,Panadería,12.56,2228,25.12
706,2024-05-22,287,1,1,4,Completa,21,5,Wednesday,2,Leche,Lácteos,12.24,3327,12.24
1081,2024-05-22,249,21,3,4,Completa,21,5,Wednesday,2,Zanahorias,Frutas y Verduras,3.25,2800,9.75
1794,2024-05-22,144,5,6,5,Pendiente,21,5,Wednesday,2,Manteca,Lácteos,5.65,4929,33.900000000000006
2018,2024-05-22,69,27,6,1,Completa,21,5,Wednesday,2,Agua mineral,Bebidas,6.21,4978,37.26
51,2024-05-23,189,18,2,4,Completa,21,5,Thursday,2,Bananas,Frutas y Verduras,7.25,4720,14.5
133,2024-05-23,220,22,4,4,Completa,21,5,Thursday,2,Cebolla,Frutas y Verduras,4.21,3545,16.84
286,2024-05-23,317,12,4,4,Completa,21,5,Thursday,2,Pan francés,Panadería,8.12,1619,32.48
393,2024-05-23,195,30,4,4,Completa,21,5,Thursday,2,Vino tinto,Bebidas,13.54,1363,54.16
951,2024-05-23,152,14,1,5,Completa,21,5,Thursday,2,Facturas,Panadería,12.36,3125,12.36
1291,2024-05-23,32,29,1,3,Completa,21,5,Thursday,2,Cerveza,Bebidas,11.54,2455,11.54
1602,2024-05-23,123,31,2,1,Completa,21,5,Thursday,2,Galletitas de agua,Galletitas y Snacks,5.24,2771,10.48
1690,2024-05-23,94,24,3,5,Completa,21,5,Thursday,2,Empanadas,Congelados,13.54,2908,40.62
1906,2024-05-23,158,21,3,5,Completa,21,5,Thursday,2,Zanahorias,Frutas y Verduras,3.25,2800,9.75
1917,2024-05-23,168,29,4,1,Completa,21,5,Thursday,2,Cerveza,Bebidas,11.54,2455,46.16
2443,2024-05-23,74,13,6,4,Completa,21,5,Thursday,2,Pan integral,Panadería,12.56,2228,75.36
2841,2024-05-23,303,15,6,5,Completa,21,5,Thursday,2,Medialunas,Panadería,3.51,4043,21.06
128,2024-05-24,214,2,4,5,Completa,21,5,Friday,2,Yogur,Lácteos,5.21,3358,20.84
281,2024-05-24,2,5,5,4,Pendiente,21,5,Friday,2,Manteca,Lácteos,5.65,4929,28.25
397,2024-05-24,231,8,6,5,Completa,21,5,Friday,2,Milanesa,Carnicería,16.21,3140,97.26
612,2024-05-24,307,28,4,5,Completa,21,5,Friday,2,Jugos de frutas,Bebidas,9.45,3637,37.8
935,2024-05-24,93,9,4,1,Completa,21,5,Friday,2,Pollo,Carnicería,18.56,4051,74.24
1350,2024-05-24,248,26,5,3,Completa,21,5,Friday,2,Hamburgesas congeladas,Congelados,9.54,1688,47.699999999999996
1437,2024-05-24,197,19,3,4,Completa,21,5,Friday,2,Tomates,Frutas y Verduras,6.54,4041,19.62
1513,2024-05-24,119,36,3,4,Pendiente,21,5,Friday,2,Lentejas,Conservas,3.25,4578,9.75
2384,2024-05-24,238,16,5,1,Completa,21,5,Friday,2,Tortas,Panadería,15.23,3189,76.15
2448,2024-05-24,242,37,5,1,Pendiente,21,5,Friday,2,Garbanzos,Conservas,3.65,1506,18.25
30,2024-05-25,46,30,1,5,Completa,21,5,Saturday,2,Vino tinto,Bebidas,13.54,1363,13.54
573,2024-05-25,264,10,6,5,Pendiente,21,5,Saturday,2,Costilla de cerdo,Carnicería,14.25,2429,85.5
956,2024-05-25,139,14,2,5,Pendiente,21,5,Saturday,2,Facturas,Panadería,12.36,3125,24.72
1141,2024-05-25,56,22,5,4,Pendiente,21,5,Saturday,2,Cebolla,Frutas y Verduras,4.21,3545,21.05
1615,2024-05-25,264,25,4,1,Completa,21,5,Saturday,2,Pizza congelada,Congelados,15.45,1640,61.8
2717,2024-05-25,16,7,6,4,Completa,21,5,Saturday,2,Chorizo,Carnicería,11.25,4068,67.5
2803,2024-05-25,283,11,6,5,Pendiente,21,5,Saturday,2,Salchicha,Carnicería,11.23,1726,67.38
2918,2024-05-25,311,34,6,3,Completa,21,5,Saturday,2,Maníes,Galletitas y Snacks,5.45,4769,32.7
190,2024-05-26,21,23,1,5,Completa,21,5,Sunday,2,Papas fritas,Congelados,8.23,3731,8.23
932,2024-05-26,213,4,6,1,Completa,21,5,Sunday,2,Queso rallado,Lácteos,19.23,2099,115.38
1030,2024-05-26,44,32,4,4,Completa,21,5,Sunday,2,Galletitas de chocolate,Galletitas y Snacks,6.25,5057,25.0
1232,2024-05-26,241,5,3,3,Cancelada,21,5,Sunday,2,Manteca,Lácteos,5.65,4929,16.950000000000003
1349,2024-05-26,264,22,1,5,Completa,21,5,Sunday,2,Cebolla,Frutas y Verduras,4.21,3545,4.21
1581,2024-05-26,210,5,6,4,Pendiente,21,5,Sunday,2,Manteca,Lácteos,5.65,4929,33.900000000000006
2086,2024-05-26,68,5,3,4,Completa,21,5,Sunday,2,Manteca,Lácteos,5.65,4929,16.950000000000003
2441,2024-05-26,205,23,5,4,Pendiente,21,5,Sunday,2,Papas fritas,Congelados,8.23,3731,41.150000000000006
2991,2024-05-26,266,38,2,3,Completa,21,5,Sunday,2,Atún enlatado,Conservas,6.21,2182,12.42
70,2024-05-27,138,33,4,3,Pendiente,22,5,Monday,2,Papas chips,Galletitas y Snacks,8.54,2837,34.16
485,2024-05-27,136,20,1,4,Completa,22,5,Monday,2,Lechugas,Frutas y Verduras,4.25,1541,4.25
881,2024-05-27,39,16,1,4,Completa,22,5,Monday,2,Tortas,Panadería,15.23,3189,15.23
1441,2024-05-27,145,19,2,1,Completa,22,5,Monday,2,Tomates,Frutas y Verduras,6.54,4041,13.08
1481,2024-05-27,148,35,3,3,Pendiente,22,5,Monday,2,Arroz,Conservas,4.25,1437,12.75
1661,2024-05-27,146,8,3,1,Completa,22,5,Monday,2,Milanesa,Carnicería,16.21,3140,48.63
1752,2024-05-27,220,31,2,1,Completa,22,5,Monday,2,Galletitas de agua,Galletitas y Snacks,5.24,2771,10.48
2093,2024-05-27,90,2,1,4,Completa,22,5,Monday,2,Yogur,Lácteos,5.21,3358,5.21
2123,2024-05-27,235,17,3,5,Completa,22,5,Monday,2,Manzanas,Frutas y Verduras,6.54,3383,19.62
2599,2024-05-27,176,30,2,4,Completa,22,5,Monday,2,Vino tinto,Bebidas,13.54,1363,27.08
2940,2024-05-27,56,9,3,5,Pendiente,22,5,Monday,2,Pollo,Carnicería,18.56,4051,55.67999999999999
895,2024-05-28,194,12,4,4,Completa,22,5,Tuesday,2,Pan francés,Panadería,8.12,1619,32.48
1066,2024-05-28,182,29,5,1,Completa,22,5,Tuesday,2,Cerveza,Bebidas,11.54,2455,57.699999999999996
1421,2024-05-28,89,17,3,3,Pendiente,22,5,Tuesday,2,Manzanas,Frutas y Verduras,6.54,3383,19.62
1576,2024-05-28,127,25,5,1,Completa,22,5,Tuesday,2,Pizza congelada,Congelados,15.45,1640,77.25
1709,2024-05-28,319,3,2,4,Pendiente,22,5,Tuesday,2,Queso cremoso,Lácteos,17.23,3167,34.46
2098,2024-05-28,108,35,4,4,Completa,22,5,Tuesday,2,Arroz,Conservas,4.25,1437,17.0
2880,2024-05-28,248,38,1,3,Completa,22,5,Tuesday,2,Atún enlatado,Conservas,6.21,2182,6.21
554,2024-05-29,132,30,5,4,Completa,22,5,Wednesday,2,Vino tinto,Bebidas,13.54,1363,67.69999999999999
642,2024-05-29,240,26,5,2,Completa,22,5,Wednesday,2,Hamburgesas congeladas,Congelados,9.54,1688,47.699999999999996
717,2024-05-29,304,38,5,4,Completa,22,5,Wednesday,2,Atún enlatado,Conservas,6.21,2182,31.05
1837,2024-05-29,26,17,3,1,Completa,22,5,Wednesday,2,Manzanas,Frutas y Verduras,6.54,3383,19.62
1844,2024-05-29,127,28,2,5,Completa,22,5,Wednesday,2,Jugos de frutas,Bebidas,9.45,3637,18.9
2475,2024-05-29,7,26,6,1,Completa,22,5,Wednesday,2,Hamburgesas congeladas,Congelados,9.54,1688,57.239999999999995
2761,2024-05-29,87,26,2,3,Completa,22,5,Wednesday,2,Hamburgesas congeladas,Congelados,9.54,1688,19.08
2831,2024-05-29,180,15,5,4,Pendiente,22,5,Wednesday,2,Medialunas,Panadería,3.51,4043,17.549999999999997
6,2024-05-30,70,27,5,4,Pendiente,22,5,Thursday,2,Agua mineral,Bebidas,6.21,4978,31.05
185,2024-05-30,97,28,5,4,Completa,22,5,Thursday,2,Jugos de frutas,Bebidas,9.45,3637,47.25
197,2024-05-30,211,26,1,4,Completa,22,5,Thursday,2,Hamburgesas congeladas,Congelados,9.54,1688,9.54
818,2024-05-30,159,10,2,1,Completa,22,5,Thursday,2,Costilla de cerdo,Carnicería,14.25,2429,28.5
1598,2024-05-30,243,32,6,4,Completa,22,5,Thursday,2,Galletitas de chocolate,Galletitas y Snacks,6.25,5057,37.5
1822,2024-05-30,311,27,4,4,Completa,22,5,Thursday,2,Agua mineral,Bebidas,6.21,4978,24.84
1962,2024-05-30,82,5,2,4,Completa,22,5,Thursday,2,Manteca,Lácteos,5.65,4929,11.3
2024,2024-05-30,282,8,4,5,Completa,22,5,Thursday,2,Milanesa,Carnicería,16.21,3140,64.84
2418,2024-05-30,308,27,4,3,Completa,22,5,Thursday,2,Agua mineral,Bebidas,6.21,4978,24.84
187,2024-05-31,118,8,5,2,Completa,22,5,Friday,2,Milanesa,Carnicería,16.21,3140,81.05000000000001
650,2024-05-31,242,9,3,1,Pendiente,22,5,Friday,2,Pollo,Carnicería,18.56,4051,55.67999999999999
867,2024-05-31,77,12,2,1,Completa,22,5,Friday,2,Pan francés,Panadería,8.12,1619,16.24
1205,2024-05-31,285,27,3,4,Completa,22,5,Friday,2,Agua mineral,Bebidas,6.21,4978,18.63
1401,2024-05-31,313,32,4,4,Pendiente,22,5,Friday,2,Galletitas de chocolate,Galletitas y Snacks,6.25,5057,25.0
1427,2024-05-31,234,24,5,5,Completa,22,5,Friday,2,Empanadas,Congelados,13.54,2908,67.69999999999999
1755,2024-05-31,198,16,4,3,Completa,22,5,Friday,2,Tortas,Panadería,15.23,3189,60.92
1985,2024-05-31,84,34,5,1,Completa,22,5,Friday,2,Maníes,Galletitas y Snacks,5.45,4769,27.25
2315,2024-05-31,312,3,3,5,Completa,22,5,Friday,2,Queso cremoso,Lácteos,17.23,3167,51.69
2821,2024-05-31,66,22,1,3,Completa,22,5,Friday,2,Cebolla,Frutas y Verduras,4.21,3545,4.21
2,2024-06-01,37,15,3,1,Completa,22,6,Saturday,2,Medialunas,Panadería,3.51,4043,10.53
163,2024-06-01,165,11,6,2,Pendiente,22,6,Saturday,2,Salchicha,Carnicería,11.23,1726,67.38
383,2024-06-01,75,25,3,2,Completa,22,6,Saturday,2,Pizza congelada,Congelados,15.45,1640,46.349999999999994
636,2024-06-01,185,31,6,1,Pendiente,22,6,Saturday,2,Galletitas de agua,Galletitas y Snacks,5.24,2771,31.44
699,2024-06-01,252,15,6,4,Completa,22,6,Saturday,2,Medialunas,Panadería,3.51,4043,21.06
711,2024-06-01,149,35,4,1,Completa,22,6,Saturday,2,Arroz,Conservas,4.25,1437,17.0
944,2024-06-01,51,27,1,5,Completa,22,6,Saturday,2,Agua mineral,Bebidas,6.21,4978,6.21
1054,2024-06-01,300,31,5,4,Completa,22,6,Saturday,2,Galletitas de agua,Galletitas y Snacks,5.24,2771,26.200000000000003
1502,2024-06-01,165,29,1,5,Completa,22,6,Saturday,2,Cerveza,Bebidas,11.54,2455,11.54
1562,2024-06-01,213,31,5,5,Pendiente,22,6,Saturday,2,Galletitas de agua,Galletitas y Snacks,5.24,2771,26.200000000000003
1751,2024-06-01,211,36,6,3,Completa,22,6,Saturday,2,Lentejas,Conservas,3.25,4578,19.5
2249,2024-06-01,124,29,2,4,Completa,22,6,Saturday,2,Cerveza,Bebidas,11.54,2455,23.08
2579,2024-06-01,66,27,5,5,Pendiente,22,6,Saturday,2,Agua mineral,Bebidas,6.21,4978,31.05
2909,2024-06-01,277,24,3,3,Completa,22,6,Saturday,2,Empanadas,Congelados,13.54,2908,40.62
2979,2024-06-01,5,9,4,2,Pendiente,22,6,Saturday,2,Pollo,Carnicería,18.56,4051,74.24
45,2024-06-02,11,30,3,5,Completa,22,6,Sunday,2,Vino tinto,Bebidas,13.54,1363,40.62
177,2024-06-02,316,21,5,4,Completa,22,6,Sunday,2,Zanahorias,Frutas y Verduras,3.25,2800,16.25
425,2024-06-02,138,5,5,4,Completa,22,6,Sunday,2,Manteca,Lácteos,5.65,4929,28.25
516,2024-06-02,83,17,2,1,Pendiente,22,6,Sunday,2,Manzanas,Frutas y Verduras,6.54,3383,13.08
765,2024-06-02,229,25,4,4,Completa,22,6,Sunday,2,Pizza congelada,Congelados,15.45,1640,61.8
922,2024-06-02,210,24,5,5,Completa,22,6,Sunday,2,Empanadas,Congelados,13.54,2908,67.69999999999999
991,2024-06-02,104,4,2,2,Completa,22,6,Sunday,2,Queso rallado,Lácteos,19.23,2099,38.46
1187,2024-06-02,154,5,5,3,Completa,22,6,Sunday,2,Manteca,Lácteos,5.65,4929,28.25
1244,2024-06-02,200,6,3,2,Completa,22,6,Sunday,2,Asado,Carnicería,28.56,5137,85.67999999999999
1518,2024-06-02,33,38,6,1,Completa,22,6,Sunday,2,Atún enlatado,Conservas,6.21,2182,37.26
1590,2024-06-02,265,8,3,5,Pendiente,22,6,Sunday,2,Milanesa,Carnicería,16.21,3140,48.63
2181,2024-06-02,136,1,6,2,Completa,22,6,Sunday,2,Leche,Lácteos,12.24,3327,73.44
2308,2024-06-02,31,23,2,1,Completa,22,6,Sunday,2,Papas fritas,Congelados,8.23,3731,16.46
2498,2024-06-02,144,28,3,1,Completa,22,6,Sunday,2,Jugos de frutas,Bebidas,9.45,3637,28.349999999999998
2505,2024-06-02,235,30,4,4,Pendiente,22,6,Sunday,2,Vino tinto,Bebidas,13.54,1363,54.16
2566,2024-06-02,158,8,3,5,Completa,22,6,Sunday,2,Milanesa,Carnicería,16.21,3140,48.63
2824,2024-06-02,144,17,4,1,Completa,22,6,Sunday,2,Manzanas,Frutas y Verduras,6.54,3383,26.16
284,2024-06-03,176,36,5,4,Completa,23,6,Monday,2,Lentejas,Conservas,3.25,4578,16.25
1681,2024-06-03,167,2,3,3,Completa,23,6,Monday,2,Yogur,Lácteos,5.21,3358,15.629999999999999
1935,2024-06-03,311,8,5,5,Completa,23,6,Monday,2,Milanesa,Carnicería,16.21,3140,81.05000000000001
2057,2024-06-03,81,9,5,1,Completa,23,6,Monday,2,Pollo,Carnicería,18.56,4051,92.8
2300,2024-06-03,49,27,6,4,Completa,23,6,Monday,2,Agua mineral,Bebidas,6.21,4978,37.26
2304,2024-06-03,276,14,6,1,Completa,23,6,Monday,2,Facturas,Panadería,12.36,3125,74.16
2433,2024-06-03,126,29,2,1,Completa,23,6,Monday,2,Cerveza,Bebidas,11.54,2455,23.08
2476,2024-06-03,69,21,5,1,Completa,23,6,Monday,2,Zanahorias,Frutas y Verduras,3.25,2800,16.25
2614,2024-06-03,279,34,4,5,Pendiente,23,6,Monday,2,Maníes,Galletitas y Snacks,5.45,4769,21.8
2790,2024-06-03,97,34,1,5,Completa,23,6,Monday,2,Maníes,Galletitas y Snacks,5.45,4769,5.45
2908,2024-06-03,48,21,2,4,Completa,23,6,Monday,2,Zanahorias,Frutas y Verduras,3.25,2800,6.5
466,2024-06-04,7,9,4,1,Completa,23,6,Tuesday,2,Pollo,Carnicería,18.56,4051,74.24
580,2024-06-04,195,32,1,5,Completa,23,6,Tuesday,2,Galletitas de chocolate,Galletitas y Snacks,6.25,5057,6.25
833,2024-06-04,303,28,1,3,Completa,23,6,Tuesday,2,Jugos de frutas,Bebidas,9.45,3637,9.45
996,2024-06-04,242,13,5,3,Completa,23,6,Tuesday,2,Pan integral,Panadería,12.56,2228,62.800000000000004
1112,2024-06-04,171,37,3,5,Completa,23,6,Tuesday,2,Garbanzos,Conservas,3.65,1506,10.95
2266,2024-06-04,108,5,3,4,Completa,23,6,Tuesday,2,Manteca,Lácteos,5.65,4929,16.950000000000003
2509,2024-06-04,114,9,1,4,Completa,23,6,Tuesday,2,Pollo,Carnicería,18.56,4051,18.56
2601,2024-06-04,218,32,3,5,Completa,23,6,Tuesday,2,Galletitas de chocolate,Galletitas y Snacks,6.25,5057,18.75
2860,2024-06-04,156,14,6,5,Completa,23,6,Tuesday,2,Facturas,Panadería,12.36,3125,74.16
2959,2024-06-04,197,19,2,4,Completa,23,6,Tuesday,2,Tomates,Frutas y Verduras,6.54,4041,13.08
512,2024-06-05,106,21,6,5,Completa,23,6,Wednesday,2,Zanahorias,Frutas y Verduras,3.25,2800,19.5
626,2024-06-05,324,21,1,1,Completa,23,6,Wednesday,2,Zanahorias,Frutas y Verduras,3.25,2800,3.25
710,2024-06-05,292,27,6,5,Completa,23,6,Wednesday,2,Agua mineral,Bebidas,6.21,4978,37.26
985,2024-06-05,29,12,3,3,Completa,23,6,Wednesday,2,Pan francés,Panadería,8.12,1619,24.36
1225,2024-06-05,134,29,5,4,Completa,23,6,Wednesday,2,Cerveza,Bebidas,11.54,2455,57.699999999999996
1243,2024-06-05,307,35,3,5,Completa,23,6,Wednesday,2,Arroz,Conservas,4.25,1437,12.75
1281,2024-06-05,223,9,2,5,Completa,23,6,Wednesday,2,Pollo,Carnicería,18.56,4051,37.12
1563,2024-06-05,313,34,1,5,Completa,23,6,Wednesday,2,Maníes,Galletitas y Snacks,5.45,4769,5.45
1857,2024-06-05,298,4,2,3,Completa,23,6,Wednesday,2,Queso rallado,Lácteos,19.23,2099,38.46
2151,2024-06-05,127,18,2,2,Completa,23,6,Wednesday,2,Bananas,Frutas y Verduras,7.25,4720,14.5
2153,2024-06-05,282,25,6,4,Completa,23,6,Wednesday,2,Pizza congelada,Congelados,15.45,1640,92.69999999999999
2705,2024-06-05,305,23,5,4,Completa,23,6,Wednesday,2,Papas fritas,Congelados,8.23,3731,41.150000000000006
260,2024-06-06,17,14,1,3,Completa,23,6,Thursday,2,Facturas,Panadería,12.36,3125,12.36
300,2024-06-06,258,2,3,3,Completa,23,6,Thursday,2,Yogur,Lácteos,5.21,3358,15.629999999999999
623,2024-06-06,86,14,1,3,Completa,23,6,Thursday,2,Facturas,Panadería,12.36,3125,12.36
739,2024-06-06,109,35,6,3,Completa,23,6,Thursday,2,Arroz,Conservas,4.25,1437,25.5
1386,2024-06-06,125,15,2,1,Completa,23,6,Thursday,2,Medialunas,Panadería,3.51,4043,7.02
1434,2024-06-06,5,5,2,3,Completa,23,6,Thursday,2,Manteca,Lácteos,5.65,4929,11.3
1966,2024-06-06,11,24,1,4,Completa,23,6,Thursday,2,Empanadas,Congelados,13.54,2908,13.54
2002,2024-06-06,130,11,5,4,Completa,23,6,Thursday,2,Salchicha,Carnicería,11.23,1726,56.150000000000006
2060,2024-06-06,194,7,6,4,Pendiente,23,6,Thursday,2,Chorizo,Carnicería,11.25,4068,67.5
2218,2024-06-06,209,24,3,3,Completa,23,6,Thursday,2,Empanadas,Congelados,13.54,2908,40.62
2244,2024-06-06,108,30,1,4,Pendiente,23,6,Thursday,2,Vino tinto,Bebidas,13.54,1363,13.54
357,2024-06-07,52,9,4,1,Completa,23,6,Friday,2,Pollo,Carnicería,18.56,4051,74.24
1035,2024-06-07,249,20,1,3,Completa,23,6,Friday,2,Lechugas,Frutas y Verduras,4.25,1541,4.25
1040,2024-06-07,298,18,6,4,Completa,23,6,Friday,2,Bananas,Frutas y Verduras,7.25,4720,43.5
1165,2024-06-07,30,13,5,5,Pendiente,23,6,Friday,2,Pan integral,Panadería,12.56,2228,62.800000000000004
1182,2024-06-07,169,15,2,1,Completa,23,6,Friday,2,Medialunas,Panadería,3.51,4043,7.02
1805,2024-06-07,290,31,2,3,Pendiente,23,6,Friday,2,Galletitas de agua,Galletitas y Snacks,5.24,2771,10.48
2022,2024-06-07,211,30,3,5,Completa,23,6,Friday,2,Vino tinto,Bebidas,13.54,1363,40.62
2082,2024-06-07,169,19,2,4,Completa,23,6,Friday,2,Tomates,Frutas y Verduras,6.54,4041,13.08
2376,2024-06-07,168,21,4,3,Completa,23,6,Friday,2,Zanahorias,Frutas y Verduras,3.25,2800,13.0
2655,2024-06-07,176,18,1,2,Completa,23,6,Friday,2,Bananas,Frutas y Verduras,7.25,4720,7.25
2855,2024-06-07,53,7,5,5,Completa,23,6,Friday,2,Chorizo,Carnicería,11.25,4068,56.25
22,2024-06-08,257,31,6,2,Pendiente,23,6,Saturday,2,Galletitas de agua,Galletitas y Snacks,5.24,2771,31.44
41,2024-06-08,38,30,4,5,Completa,23,6,Saturday,2,Vino tinto,Bebidas,13.54,1363,54.16
302,2024-06-08,155,14,2,4,Completa,23,6,Saturday,2,Facturas,Panadería,12.36,3125,24.72
312,2024-06-08,101,38,2,3,Completa,23,6,Saturday,2,Atún enlatado,Conservas,6.21,2182,12.42
495,2024-06-08,153,35,5,1,Completa,23,6,Saturday,2,Arroz,Conservas,4.25,1437,21.25
1010,2024-06-08,90,15,4,5,Completa,23,6,Saturday,2,Medialunas,Panadería,3.51,4043,14.04
1343,2024-06-08,288,28,1,3,Completa,23,6,Saturday,2,Jugos de frutas,Bebidas,9.45,3637,9.45
1394,2024-06-08,245,20,4,4,Completa,23,6,Saturday,2,Lechugas,Frutas y Verduras,4.25,1541,17.0
1775,2024-06-08,126,21,1,3,Completa,23,6,Saturday,2,Zanahorias,Frutas y Verduras,3.25,2800,3.25
1787,2024-06-08,203,22,5,5,Completa,23,6,Saturday,2,Cebolla,Frutas y Verduras,4.21,3545,21.05
1924,2024-06-08,8,26,6,5,Pendiente,23,6,Saturday,2,Hamburgesas congeladas,Congelados,9.54,1688,57.239999999999995
2009,2024-06-08,238,30,5,5,Completa,23,6,Saturday,2,Vino tinto,Bebidas,13.54,1363,67.69999999999999
370,2024-06-09,194,21,4,5,Completa,23,6,Sunday,2,Zanahorias,Frutas y Verduras,3.25,2800,13.0
1671,2024-06-09,304,22,6,5,Completa,23,6,Sunday,2,Cebolla,Frutas y Verduras,4.21,3545,25.259999999999998
1780,2024-06-09,40,23,3,4,Completa,23,6,Sunday,2,Papas fritas,Congelados,8.23,3731,24.69
2017,2024-06-09,226,7,6,5,Completa,23,6,Sunday,2,Chorizo,Carnicería,11.25,4068,67.5
2116,2024-06-09,187,20,4,5,Completa,23,6,Sunday,2,Lechugas,Frutas y Verduras,4.25,1541,17.0
2186,2024-06-09,234,13,3,1,Pendiente,23,6,Sunday,2,Pan integral,Panadería,12.56,2228,37.68
2405,2024-06-09,77,28,2,1,Completa,23,6,Sunday,2,Jugos de frutas,Bebidas,9.45,3637,18.9
2450,2024-06-09,49,3,6,5,Completa,23,6,Sunday,2,Queso cremoso,Lácteos,17.23,3167,103.38
2654,2024-06-09,224,14,3,2,Pendiente,23,6,Sunday,2,Facturas,Panadería,12.36,3125,37.08
2648,2024-06-10,299,31,1,1,Completa,24,6,Monday,2,Galletitas de agua,Galletitas y Snacks,5.24,2771,5.24
2653,2024-06-10,255,8,1,2,Pendiente,24,6,Monday,2,Milanesa,Carnicería,16.21,3140,16.21
2657,2024-06-10,171,12,1,4,Completa,24,6,Monday,2,Pan francés,Panadería,8.12,1619,8.12
683,2024-06-11,200,35,3,4,Completa,24,6,Tuesday,2,Arroz,Conservas,4.25,1437,12.75
685,2024-06-11,201,20,2,3,Completa,24,6,Tuesday,2,Lechugas,Frutas y Verduras,4.25,1541,8.5
959,2024-06-11,66,26,1,1,Completa,24,6,Tuesday,2,Hamburgesas congeladas,Congelados,9.54,1688,9.54
967,2024-06-11,55,29,4,5,Completa,24,6,Tuesday,2,Cerveza,Bebidas,11.54,2455,46.16
1375,2024-06-11,49,4,3,4,Completa,24,6,Tuesday,2,Queso rallado,Lácteos,19.23,2099,57.69
1757,2024-06-11,272,18,1,3,Completa,24,6,Tuesday,2,Bananas,Frutas y Verduras,7.25,4720,7.25
2437,2024-06-11,139,28,3,5,Completa,24,6,Tuesday,2,Jugos de frutas,Bebidas,9.45,3637,28.349999999999998
2447,2024-06-11,53,18,1,5,Completa,24,6,Tuesday,2,Bananas,Frutas y Verduras,7.25,4720,7.25
2484,2024-06-11,151,28,1,2,Completa,24,6,Tuesday,2,Jugos de frutas,Bebidas,9.45,3637,9.45
2586,2024-06-11,184,11,2,4,Completa,24,6,Tuesday,2,Salchicha,Carnicería,11.23,1726,22.46
2967,2024-06-11,234,17,5,4,Completa,24,6,Tuesday,2,Manzanas,Frutas y Verduras,6.54,3383,32.7
597,2024-06-12,250,10,6,5,Completa,24,6,Wednesday,2,Costilla de cerdo,Carnicería,14.25,2429,85.5
774,2024-06-12,148,5,4,4,Completa,24,6,Wednesday,2,Manteca,Lácteos,5.65,4929,22.6
969,2024-06-12,118,37,2,4,Pendiente,24,6,Wednesday,2,Garbanzos,Conservas,3.65,1506,7.3
1135,2024-06-12,86,9,5,2,Completa,24,6,Wednesday,2,Pollo,Carnicería,18.56,4051,92.8
1323,2024-06-12,106,16,3,5,Completa,24,6,Wednesday,2,Tortas,Panadería,15.23,3189,45.69
1425,2024-06-12,306,11,1,4,Completa,24,6,Wednesday,2,Salchicha,Carnicería,11.23,1726,11.23
1636,2024-06-12,152,12,5,4,Completa,24,6,Wednesday,2,Pan francés,Panadería,8.12,1619,40.599999999999994
1673,2024-06-12,140,3,3,2,Completa,24,6,Wednesday,2,Queso cremoso,Lácteos,17.23,3167,51.69
1741,2024-06-12,61,20,3,1,Completa,24,6,Wednesday,2,Lechugas,Frutas y Verduras,4.25,1541,12.75
2036,2024-06-12,158,10,6,3,Completa,24,6,Wednesday,2,Costilla de cerdo,Carnicería,14.25,2429,85.5
2270,2024-06-12,200,22,4,5,Completa,24,6,Wednesday,2,Cebolla,Frutas y Verduras,4.21,3545,16.84
2685,2024-06-12,40,38,2,4,Completa,24,6,Wednesday,2,Atún enlatado,Conservas,6.21,2182,12.42
2737,2024-06-12,285,19,5,3,Completa,24,6,Wednesday,2,Tomates,Frutas y Verduras,6.54,4041,32.7
2887,2024-06-12,24,16,6,5,Pendiente,24,6,Wednesday,2,Tortas,Panadería,15.23,3189,91.38
2990,2024-06-12,297,31,3,5,Pendiente,24,6,Wednesday,2,Galletitas de agua,Galletitas y Snacks,5.24,2771,15.72
586,2024-06-13,128,25,2,4,Completa,24,6,Thursday,2,Pizza congelada,Congelados,15.45,1640,30.9
616,2024-06-13,125,20,1,4,Completa,24,6,Thursday,2,Lechugas,Frutas y Verduras,4.25,1541,4.25
789,2024-06-13,129,26,1,3,Completa,24,6,Thursday,2,Hamburgesas congeladas,Congelados,9.54,1688,9.54
863,2024-06-13,186,32,3,5,Completa,24,6,Thursday,2,Galletitas de chocolate,Galletitas y Snacks,6.25,5057,18.75
1003,2024-06-13,19,11,1,5,Completa,24,6,Thursday,2,Salchicha,Carnicería,11.23,1726,11.23
1064,2024-06-13,152,2,6,1,Completa,24,6,Thursday,2,Yogur,Lácteos,5.21,3358,31.259999999999998
1337,2024-06-13,77,4,2,3,Completa,24,6,Thursday,2,Queso rallado,Lácteos,19.23,2099,38.46
1593,2024-06-13,231,36,6,5,Completa,24,6,Thursday,2,Lentejas,Conservas,3.25,4578,19.5
2074,2024-06-13,172,20,1,5,Completa,24,6,Thursday,2,Lechugas,Frutas y Verduras,4.25,1541,4.25
2691,2024-06-13,72,20,4,4,Completa,24,6,Thursday,2,Lechugas,Frutas y Verduras,4.25,1541,17.0
2894,2024-06-13,259,15,2,1,Completa,24,6,Thursday,2,Medialunas,Panadería,3.51,4043,7.02
2975,2024-06-13,50,25,6,5,Completa,24,6,Thursday,2,Pizza congelada,Congelados,15.45,1640,92.69999999999999
309,2024-06-14,148,33,3,5,Completa,24,6,Friday,2,Papas chips,Galletitas y Snacks,8.54,2837,25.619999999999997
603,2024-06-14,249,1,4,5,Pendiente,24,6,Friday,2,Leche,Lácteos,12.24,3327,48.96
972,2024-06-14,181,35,2,4,Completa,24,6,Friday,2,Arroz,Conservas,4.25,1437,8.5
1543,2024-06-14,130,37,3,2,Completa,24,6,Friday,2,Garbanzos,Conservas,3.65,1506,10.95
2582,2024-06-14,124,32,2,1,Completa,24,6,Friday,2,Galletitas de chocolate,Galletitas y Snacks,6.25,5057,12.5
2700,2024-06-14,39,21,6,3,Completa,24,6,Friday,2,Zanahorias,Frutas y Verduras,3.25,2800,19.5
2767,2024-06-14,245,29,5,5,Completa,24,6,Friday,2,Cerveza,Bebidas,11.54,2455,57.699999999999996
2955,2024-06-14,311,20,5,1,Completa,24,6,Friday,2,Lechugas,Frutas y Verduras,4.25,1541,21.25
96,2024-06-15,93,14,3,5,Completa,24,6,Saturday,2,Facturas,Panadería,12.36,3125,37.08
243,2024-06-15,54,32,3,4,Completa,24,6,Saturday,2,Galletitas de chocolate,Galletitas y Snacks,6.25,5057,18.75
244,2024-06-15,188,7,5,1,Completa,24,6,Saturday,2,Chorizo,Carnicería,11.25,4068,56.25
510,2024-06-15,250,10,3,4,Completa,24,6,Saturday,2,Costilla de cerdo,Carnicería,14.25,2429,42.75
694,2024-06-15,114,19,5,5,Completa,24,6,Saturday,2,Tomates,Frutas y Verduras,6.54,4041,32.7
1324,2024-06-15,41,18,5,5,Completa,24,6,Saturday,2,Bananas,Frutas y Verduras,7.25,4720,36.25
1369,2024-06-15,232,9,1,1,Completa,24,6,Saturday,2,Pollo,Carnicería,18.56,4051,18.56
1653,2024-06-15,124,6,2,5,Completa,24,6,Saturday,2,Asado,Carnicería,28.56,5137,57.12
1702,2024-06-15,289,6,1,5,Completa,24,6,Saturday,2,Asado,Carnicería,28.56,5137,28.56
1803,2024-06-15,100,27,5,4,Completa,24,6,Saturday,2,Agua mineral,Bebidas,6.21,4978,31.05
1902,2024-06-15,55,37,5,4,Completa,24,6,Saturday,2,Garbanzos,Conservas,3.65,1506,18.25
2240,2024-06-15,258,33,4,3,Completa,24,6,Saturday,2,Papas chips,Galletitas y Snacks,8.54,2837,34.16
2364,2024-06-15,285,26,2,4,Pendiente,24,6,Saturday,2,Hamburgesas congeladas,Congelados,9.54,1688,19.08
2435,2024-06-15,80,35,5,4,Completa,24,6,Saturday,2,Arroz,Conservas,4.25,1437,21.25
2511,2024-06-15,259,37,3,3,Pendiente,24,6,Saturday,2,Garbanzos,Conservas,3.65,1506,10.95
506,2024-06-16,287,27,6,4,Completa,24,6,Sunday,2,Agua mineral,Bebidas,6.21,4978,37.26
579,2024-06-16,144,23,1,3,Completa,24,6,Sunday,2,Papas fritas,Congelados,8.23,3731,8.23
622,2024-06-16,244,30,1,4,Completa,24,6,Sunday,2,Vino tinto,Bebidas,13.54,1363,13.54
660,2024-06-16,205,3,3,5,Completa,24,6,Sunday,2,Queso cremoso,Lácteos,17.23,3167,51.69
733,2024-06-16,111,29,3,3,Completa,24,6,Sunday,2,Cerveza,Bebidas,11.54,2455,34.62
836,2024-06-16,165,4,4,3,Pendiente,24,6,Sunday,2,Queso rallado,Lácteos,19.23,2099,76.92
1131,2024-06-16,134,6,1,3,Pendiente,24,6,Sunday,2,Asado,Carnicería,28.56,5137,28.56
1354,2024-06-16,71,38,2,1,Pendiente,24,6,Sunday,2,Atún enlatado,Conservas,6.21,2182,12.42
1404,2024-06-16,57,19,3,3,Completa,24,6,Sunday,2,Tomates,Frutas y Verduras,6.54,4041,19.62
1423,2024-06-16,264,1,1,3,Completa,24,6,Sunday,2,Leche,Lácteos,12.24,3327,12.24
1551,2024-06-16,162,1,1,1,Completa,24,6,Sunday,2,Leche,Lácteos,12.24,3327,12.24
1643,2024-06-16,170,7,6,2,Completa,24,6,Sunday,2,Chorizo,Carnicería,11.25,4068,67.5
1688,2024-06-16,297,12,3,5,Completa,24,6,Sunday,2,Pan francés,Panadería,8.12,1619,24.36
1692,2024-06-16,295,35,2,4,Pendiente,24,6,Sunday,2,Arroz,Conservas,4.25,1437,8.5
1758,2024-06-16,38,26,4,3,Completa,24,6,Sunday,2,Hamburgesas congeladas,Congelados,9.54,1688,38.16
1881,2024-06-16,218,24,5,3,Completa,24,6,Sunday,2,Empanadas,Congelados,13.54,2908,67.69999999999999
949,2024-06-17,29,19,2,3,Pendiente,25,6,Monday,2,Tomates,Frutas y Verduras,6.54,4041,13.08
1167,2024-06-17,311,7,4,5,Completa,25,6,Monday,2,Chorizo,Carnicería,11.25,4068,45.0
1234,2024-06-17,276,25,5,5,Cancelada,25,6,Monday,2,Pizza congelada,Congelados,15.45,1640,77.25
1464,2024-06-17,268,18,1,1,Completa,25,6,Monday,2,Bananas,Frutas y Verduras,7.25,4720,7.25
1760,2024-06-17,124,36,2,3,Completa,25,6,Monday,2,Lentejas,Conservas,3.25,4578,6.5
1761,2024-06-17,260,8,4,4,Completa,25,6,Monday,2,Milanesa,Carnicería,16.21,3140,64.84
2338,2024-06-17,137,29,6,3,Pendiente,25,6,Monday,2,Cerveza,Bebidas,11.54,2455,69.24
2658,2024-06-17,235,36,6,3,Completa,25,6,Monday,2,Lentejas,Conservas,3.25,4578,19.5
2828,2024-06-17,233,18,6,4,Completa,25,6,Monday,2,Bananas,Frutas y Verduras,7.25,4720,43.5
450,2024-06-18,235,4,5,5,Completa,25,6,Tuesday,2,Queso rallado,Lácteos,19.23,2099,96.15
628,2024-06-18,245,38,1,4,Completa,25,6,Tuesday,2,Atún enlatado,Conservas,6.21,2182,6.21
730,2024-06-18,201,26,6,1,Completa,25,6,Tuesday,2,Hamburgesas congeladas,Congelados,9.54,1688,57.239999999999995
928,2024-06-18,152,3,6,4,Completa,25,6,Tuesday,2,Queso cremoso,Lácteos,17.23,3167,103.38
1341,2024-06-18,133,15,5,1,Pendiente,25,6,Tuesday,2,Medialunas,Panadería,3.51,4043,17.549999999999997
2050,2024-06-18,58,24,4,2,Completa,25,6,Tuesday,2,Empanadas,Congelados,13.54,2908,54.16
343,2024-06-19,14,29,1,4,Completa,25,6,Wednesday,2,Cerveza,Bebidas,11.54,2455,11.54
861,2024-06-19,34,23,4,5,Completa,25,6,Wednesday,2,Papas fritas,Congelados,8.23,3731,32.92
865,2024-06-19,60,2,5,1,Completa,25,6,Wednesday,2,Yogur,Lácteos,5.21,3358,26.05
1124,2024-06-19,232,7,3,3,Completa,25,6,Wednesday,2,Chorizo,Carnicería,11.25,4068,33.75
1355,2024-06-19,106,22,2,1,Completa,25,6,Wednesday,2,Cebolla,Frutas y Verduras,4.21,3545,8.42
1530,2024-06-19,2,34,4,4,Completa,25,6,Wednesday,2,Maníes,Galletitas y Snacks,5.45,4769,21.8
2178,2024-06-19,54,7,2,4,Completa,25,6,Wednesday,2,Chorizo,Carnicería,11.25,4068,22.5
2351,2024-06-19,114,3,2,4,Completa,25,6,Wednesday,2,Queso cremoso,Lácteos,17.23,3167,34.46
330,2024-06-20,63,13,3,1,Completa,25,6,Thursday,2,Pan integral,Panadería,12.56,2228,37.68
1509,2024-06-20,36,18,5,4,Completa,25,6,Thursday,2,Bananas,Frutas y Verduras,7.25,4720,36.25
1954,2024-06-20,120,17,4,5,Completa,25,6,Thursday,2,Manzanas,Frutas y Verduras,6.54,3383,26.16
2023,2024-06-20,280,24,2,1,Completa,25,6,Thursday,2,Empanadas,Congelados,13.54,2908,27.08
2257,2024-06-20,137,15,5,3,Completa,25,6,Thursday,2,Medialunas,Panadería,3.51,4043,17.549999999999997
2354,2024-06-20,20,15,3,5,Completa,25,6,Thursday,2,Medialunas,Panadería,3.51,4043,10.53
2492,2024-06-20,68,31,2,3,Pendiente,25,6,Thursday,2,Galletitas de agua,Galletitas y Snacks,5.24,2771,10.48
2636,2024-06-20,88,19,4,3,Completa,25,6,Thursday,2,Tomates,Frutas y Verduras,6.54,4041,26.16
950,2024-06-21,119,33,6,2,Pendiente,25,6,Friday,2,Papas chips,Galletitas y Snacks,8.54,2837,51.239999999999995
1534,2024-06-21,12,5,2,5,Completa,25,6,Friday,2,Manteca,Lácteos,5.65,4929,11.3
1583,2024-06-21,53,30,2,1,Completa,25,6,Friday,2,Vino tinto,Bebidas,13.54,1363,27.08
1890,2024-06-21,6,3,1,5,Completa,25,6,Friday,2,Queso cremoso,Lácteos,17.23,3167,17.23
1945,2024-06-21,190,35,3,1,Completa,25,6,Friday,2,Arroz,Conservas,4.25,1437,12.75
1987,2024-06-21,90,15,4,4,Completa,25,6,Friday,2,Medialunas,Panadería,3.51,4043,14.04
2068,2024-06-21,224,27,6,5,Completa,25,6,Friday,2,Agua mineral,Bebidas,6.21,4978,37.26
2750,2024-06-21,3,22,4,1,Completa,25,6,Friday,2,Cebolla,Frutas y Verduras,4.21,3545,16.84
2956,2024-06-21,307,26,1,3,Completa,25,6,Friday,2,Hamburgesas congeladas,Congelados,9.54,1688,9.54
98,2024-06-22,177,20,1,1,Completa,25,6,Saturday,2,Lechugas,Frutas y Verduras,4.25,1541,4.25
533,2024-06-22,83,4,2,5,Completa,25,6,Saturday,2,Queso rallado,Lácteos,19.23,2099,38.46
743,2024-06-22,271,5,5,5,Completa,25,6,Saturday,2,Manteca,Lácteos,5.65,4929,28.25
1412,2024-06-22,60,28,2,5,Completa,25,6,Saturday,2,Jugos de frutas,Bebidas,9.45,3637,18.9
1764,2024-06-22,268,7,4,4,Completa,25,6,Saturday,2,Chorizo,Carnicería,11.25,4068,45.0
1843,2024-06-22,139,4,1,1,Completa,25,6,Saturday,2,Queso rallado,Lácteos,19.23,2099,19.23
2334,2024-06-22,190,2,2,1,Completa,25,6,Saturday,2,Yogur,Lácteos,5.21,3358,10.42
216,2024-06-23,270,8,4,4,Completa,25,6,Sunday,2,Milanesa,Carnicería,16.21,3140,64.84
941,2024-06-23,146,13,6,4,Pendiente,25,6,Sunday,2,Pan integral,Panadería,12.56,2228,75.36
1117,2024-06-23,292,38,3,5,Completa,25,6,Sunday,2,Atún enlatado,Conservas,6.21,2182,18.63
1348,2024-06-23,151,20,3,4,Completa,25,6,Sunday,2,Lechugas,Frutas y Verduras,4.25,1541,12.75
2163,2024-06-23,168,38,6,2,Completa,25,6,Sunday,2,Atún enlatado,Conservas,6.21,2182,37.26
2780,2024-06-23,216,1,5,2,Completa,25,6,Sunday,2,Leche,Lácteos,12.24,3327,61.2
2806,2024-06-23,193,13,6,3,Completa,25,6,Sunday,2,Pan integral,Panadería,12.56,2228,75.36
375,2024-06-24,248,35,6,3,Completa,26,6,Monday,2,Arroz,Conservas,4.25,1437,25.5
445,2024-06-24,296,24,4,4,Completa,26,6,Monday,2,Empanadas,Congelados,13.54,2908,54.16
595,2024-06-24,271,27,5,4,Completa,26,6,Monday,2,Agua mineral,Bebidas,6.21,4978,31.05
1901,2024-06-24,53,1,3,3,Completa,26,6,Monday,2,Leche,Lácteos,12.24,3327,36.72
2373,2024-06-24,125,26,1,1,Pendiente,26,6,Monday,2,Hamburgesas congeladas,Congelados,9.54,1688,9.54
2390,2024-06-24,159,8,2,4,Completa,26,6,Monday,2,Milanesa,Carnicería,16.21,3140,32.42
2477,2024-06-24,90,6,6,5,Completa,26,6,Monday,2,Asado,Carnicería,28.56,5137,171.35999999999999
27,2024-06-25,85,25,1,3,Completa,26,6,Tuesday,2,Pizza congelada,Congelados,15.45,1640,15.45
50,2024-06-25,233,23,2,5,Completa,26,6,Tuesday,2,Papas fritas,Congelados,8.23,3731,16.46
73,2024-06-25,143,26,3,1,Completa,26,6,Tuesday,2,Hamburgesas congeladas,Congelados,9.54,1688,28.619999999999997
192,2024-06-25,97,27,4,5,Completa,26,6,Tuesday,2,Agua mineral,Bebidas,6.21,4978,24.84
376,2024-06-25,201,8,5,5,Completa,26,6,Tuesday,2,Milanesa,Carnicería,16.21,3140,81.05000000000001
1347,2024-06-25,223,1,6,5,Completa,26,6,Tuesday,2,Leche,Lácteos,12.24,3327,73.44
1588,2024-06-25,324,3,6,1,Completa,26,6,Tuesday,2,Queso cremoso,Lácteos,17.23,3167,103.38
1835,2024-06-25,100,26,4,5,Completa,26,6,Tuesday,2,Hamburgesas congeladas,Congelados,9.54,1688,38.16
2438,2024-06-25,287,14,1,5,Pendiente,26,6,Tuesday,2,Facturas,Panadería,12.36,3125,12.36
2552,2024-06-25,310,31,6,5,Completa,26,6,Tuesday,2,Galletitas de agua,Galletitas y Snacks,5.24,2771,31.44
2865,2024-06-25,265,22,2,4,Completa,26,6,Tuesday,2,Cebolla,Frutas y Verduras,4.21,3545,8.42
2931,2024-06-25,41,29,3,1,Completa,26,6,Tuesday,2,Cerveza,Bebidas,11.54,2455,34.62
2942,2024-06-25,215,28,4,3,Completa,26,6,Tuesday,2,Jugos de frutas,Bebidas,9.45,3637,37.8
570,2024-06-26,185,19,5,3,Completa,26,6,Wednesday,2,Tomates,Frutas y Verduras,6.54,4041,32.7
2014,2024-06-26,229,35,4,2,Completa,26,6,Wednesday,2,Arroz,Conservas,4.25,1437,17.0
2633,2024-06-26,13,4,5,5,Completa,26,6,Wednesday,2,Queso rallado,Lácteos,19.23,2099,96.15
2820,2024-06-26,258,14,2,4,Completa,26,6,Wednesday,2,Facturas,Panadería,12.36,3125,24.72
191,2024-06-27,186,11,1,3,Completa,26,6,Thursday,2,Salchicha,Carnicería,11.23,1726,11.23
460,2024-06-27,166,27,3,1,Completa,26,6,Thursday,2,Agua mineral,Bebidas,6.21,4978,18.63
578,2024-06-27,180,15,2,5,Completa,26,6,Thursday,2,Medialunas,Panadería,3.51,4043,7.02
750,2024-06-27,198,30,2,5,Completa,26,6,Thursday,2,Vino tinto,Bebidas,13.54,1363,27.08
2268,2024-06-27,260,4,6,4,Completa,26,6,Thursday,2,Queso rallado,Lácteos,19.23,2099,115.38
2411,2024-06-27,178,24,2,5,Completa,26,6,Thursday,2,Empanadas,Congelados,13.54,2908,27.08
2516,2024-06-27,268,17,4,5,Completa,26,6,Thursday,2,Manzanas,Frutas y Verduras,6.54,3383,26.16
2671,2024-06-27,36,24,1,5,Completa,26,6,Thursday,2,Empanadas,Congelados,13.54,2908,13.54
2881,2024-06-27,163,9,5,3,Completa,26,6,Thursday,2,Pollo,Carnicería,18.56,4051,92.8
268,2024-06-28,119,32,5,1,Completa,26,6,Friday,2,Galletitas de chocolate,Galletitas y Snacks,6.25,5057,31.25
819,2024-06-28,252,2,4,1,Completa,26,6,Friday,2,Yogur,Lácteos,5.21,3358,20.84
866,2024-06-28,46,33,2,5,Completa,26,6,Friday,2,Papas chips,Galletitas y Snacks,8.54,2837,17.08
1695,2024-06-28,103,16,5,3,Completa,26,6,Friday,2,Tortas,Panadería,15.23,3189,76.15
1766,2024-06-28,46,11,6,4,Completa,26,6,Friday,2,Salchicha,Carnicería,11.23,1726,67.38
1950,2024-06-28,111,15,5,1,Pendiente,26,6,Friday,2,Medialunas,Panadería,3.51,4043,17.549999999999997
1980,2024-06-28,160,30,4,5,Pendiente,26,6,Friday,2,Vino tinto,Bebidas,13.54,1363,54.16
2330,2024-06-28,254,12,4,3,Completa,26,6,Friday,2,Pan francés,Panadería,8.12,1619,32.48
2946,2024-06-28,296,11,6,5,Pendiente,26,6,Friday,2,Salchicha,Carnicería,11.23,1726,67.38
21,2024-06-29,184,27,2,1,Completa,26,6,Saturday,2,Agua mineral,Bebidas,6.21,4978,12.42
754,2024-06-29,216,23,4,3,Completa,26,6,Saturday,2,Papas fritas,Congelados,8.23,3731,32.92
825,2024-06-29,120,29,6,4,Completa,26,6,Saturday,2,Cerveza,Bebidas,11.54,2455,69.24
1329,2024-06-29,233,27,6,1,Completa,26,6,Saturday,2,Agua mineral,Bebidas,6.21,4978,37.26
1384,2024-06-29,62,30,4,3,Completa,26,6,Saturday,2,Vino tinto,Bebidas,13.54,1363,54.16
1452,2024-06-29,56,20,1,4,Completa,26,6,Saturday,2,Lechugas,Frutas y Verduras,4.25,1541,4.25
1462,2024-06-29,86,11,5,5,Completa,26,6,Saturday,2,Salchicha,Carnicería,11.23,1726,56.150000000000006
1658,2024-06-29,193,1,3,1,Completa,26,6,Saturday,2,Leche,Lácteos,12.24,3327,36.72
1693,2024-06-29,68,6,2,4,Completa,26,6,Saturday,2,Asado,Carnicería,28.56,5137,57.12
1797,2024-06-29,192,4,6,5,Completa,26,6,Saturday,2,Queso rallado,Lácteos,19.23,2099,115.38
1849,2024-06-29,30,30,3,4,Pendiente,26,6,Saturday,2,Vino tinto,Bebidas,13.54,1363,40.62
2399,2024-06-29,73,37,2,1,Pendiente,26,6,Saturday,2,Garbanzos,Conservas,3.65,1506,7.3
2721,2024-06-29,29,20,2,4,Completa,26,6,Saturday,2,Lechugas,Frutas y Verduras,4.25,1541,8.5
79,2024-06-30,133,24,4,4,Pendiente,26,6,Sunday,2,Empanadas,Congelados,13.54,2908,54.16
599,2024-06-30,61,37,6,4,Completa,26,6,Sunday,2,Garbanzos,Conservas,3.65,1506,21.9
920,2024-06-30,50,33,1,1,Completa,26,6,Sunday,2,Papas chips,Galletitas y Snacks,8.54,2837,8.54
1260,2024-06-30,115,25,2,4,Completa,26,6,Sunday,2,Pizza congelada,Congelados,15.45,1640,30.9
1851,2024-06-30,318,35,5,4,Pendiente,26,6,Sunday,2,Arroz,Conservas,4.25,1437,21.25
2070,2024-06-30,89,17,1,1,Completa,26,6,Sunday,2,Manzanas,Frutas y Verduras,6.54,3383,6.54
2314,2024-06-30,171,28,6,3,Completa,26,6,Sunday,2,Jugos de frutas,Bebidas,9.45,3637,56.699999999999996
2396,2024-06-30,176,2,3,2,Completa,26,6,Sunday,2,Yogur,Lácteos,5.21,3358,15.629999999999999
2462,2024-06-30,102,37,4,2,Pendiente,26,6,Sunday,2,Garbanzos,Conservas,3.65,1506,14.6
2609,2024-06-30,148,12,6,3,Completa,26,6,Sunday,2,Pan francés,Panadería,8.12,1619,48.72
2663,2024-06-30,251,11,4,5,Pendiente,26,6,Sunday,2,Salchicha,Carnicería,11.23,1726,44.92
2766,2024-06-30,185,37,1,1,Completa,26,6,Sunday,2,Garbanzos,Conservas,3.65,1506,3.65
507,2024-07-01,73,38,6,5,Completa,27,7,Monday,3,Atún enlatado,Conservas,6.21,2182,37.26
804,2024-07-01,154,10,2,5,Pendiente,27,7,Monday,3,Costilla de cerdo,Carnicería,14.25,2429,28.5
1052,2024-07-01,219,18,1,3,Pendiente,27,7,Monday,3,Bananas,Frutas y Verduras,7.25,4720,7.25
1159,2024-07-01,233,21,2,1,Completa,27,7,Monday,3,Zanahorias,Frutas y Verduras,3.25,2800,6.5
1186,2024-07-01,24,23,6,4,Completa,27,7,Monday,3,Papas fritas,Congelados,8.23,3731,49.38
2393,2024-07-01,58,15,4,1,Completa,27,7,Monday,3,Medialunas,Panadería,3.51,4043,14.04
2672,2024-07-01,49,24,6,3,Completa,27,7,Monday,3,Empanadas,Congelados,13.54,2908,81.24
201,2024-07-02,141,14,3,4,Completa,27,7,Tuesday,3,Facturas,Panadería,12.36,3125,37.08
219,2024-07-02,24,23,6,4,Completa,27,7,Tuesday,3,Papas fritas,Congelados,8.23,3731,49.38
306,2024-07-02,14,38,2,5,Completa,27,7,Tuesday,3,Atún enlatado,Conservas,6.21,2182,12.42
474,2024-07-02,25,18,3,4,Completa,27,7,Tuesday,3,Bananas,Frutas y Verduras,7.25,4720,21.75
1005,2024-07-02,131,4,6,5,Completa,27,7,Tuesday,3,Queso rallado,Lácteos,19.23,2099,115.38
1746,2024-07-02,269,5,4,5,Completa,27,7,Tuesday,3,Manteca,Lácteos,5.65,4929,22.6
1798,2024-07-02,167,35,6,5,Completa,27,7,Tuesday,3,Arroz,Conservas,4.25,1437,25.5
1897,2024-07-02,57,37,2,4,Pendiente,27,7,Tuesday,3,Garbanzos,Conservas,3.65,1506,7.3
2150,2024-07-02,214,25,5,5,Completa,27,7,Tuesday,3,Pizza congelada,Congelados,15.45,1640,77.25
2194,2024-07-02,157,8,2,1,Completa,27,7,Tuesday,3,Milanesa,Carnicería,16.21,3140,32.42
2224,2024-07-02,286,28,3,4,Pendiente,27,7,Tuesday,3,Jugos de frutas,Bebidas,9.45,3637,28.349999999999998
2787,2024-07-02,249,28,4,5,Completa,27,7,Tuesday,3,Jugos de frutas,Bebidas,9.45,3637,37.8
2916,2024-07-02,268,17,6,4,Completa,27,7,Tuesday,3,Manzanas,Frutas y Verduras,6.54,3383,39.24
528,2024-07-03,93,37,2,3,Completa,27,7,Wednesday,3,Garbanzos,Conservas,3.65,1506,7.3
2034,2024-07-03,15,24,1,5,Completa,27,7,Wednesday,3,Empanadas,Congelados,13.54,2908,13.54
2077,2024-07-03,62,21,6,4,Completa,27,7,Wednesday,3,Zanahorias,Frutas y Verduras,3.25,2800,19.5
2503,2024-07-03,205,1,3,3,Completa,27,7,Wednesday,3,Leche,Lácteos,12.24,3327,36.72
2526,2024-07-03,246,3,4,5,Pendiente,27,7,Wednesday,3,Queso cremoso,Lácteos,17.23,3167,68.92
2574,2024-07-03,62,2,3,5,Pendiente,27,7,Wednesday,3,Yogur,Lácteos,5.21,3358,15.629999999999999
2996,2024-07-03,22,17,4,5,Completa,27,7,Wednesday,3,Manzanas,Frutas y Verduras,6.54,3383,26.16
24,2024-07-04,184,37,4,3,Completa,27,7,Thursday,3,Garbanzos,Conservas,3.65,1506,14.6
288,2024-07-04,88,32,3,4,Completa,27,7,Thursday,3,Galletitas de chocolate,Galletitas y Snacks,6.25,5057,18.75
364,2024-07-04,128,34,1,5,Completa,27,7,Thursday,3,Maníes,Galletitas y Snacks,5.45,4769,5.45
700,2024-07-04,134,8,3,1,Completa,27,7,Thursday,3,Milanesa,Carnicería,16.21,3140,48.63
883,2024-07-04,222,2,2,5,Completa,27,7,Thursday,3,Yogur,Lácteos,5.21,3358,10.42
1036,2024-07-04,230,30,2,5,Completa,27,7,Thursday,3,Vino tinto,Bebidas,13.54,1363,27.08
1594,2024-07-04,253,4,1,1,Cancelada,27,7,Thursday,3,Queso rallado,Lácteos,19.23,2099,19.23
1896,2024-07-04,302,19,6,1,Completa,27,7,Thursday,3,Tomates,Frutas y Verduras,6.54,4041,39.24
2035,2024-07-04,225,18,6,1,Completa,27,7,Thursday,3,Bananas,Frutas y Verduras,7.25,4720,43.5
2191,2024-07-04,80,12,4,3,Completa,27,7,Thursday,3,Pan francés,Panadería,8.12,1619,32.48
2715,2024-07-04,159,4,1,3,Completa,27,7,Thursday,3,Queso rallado,Lácteos,19.23,2099,19.23
184,2024-07-05,150,34,6,1,Completa,27,7,Friday,3,Maníes,Galletitas y Snacks,5.45,4769,32.7
802,2024-07-05,214,1,6,5,Pendiente,27,7,Friday,3,Leche,Lácteos,12.24,3327,73.44
1372,2024-07-05,41,23,4,4,Pendiente,27,7,Friday,3,Papas fritas,Congelados,8.23,3731,32.92
1411,2024-07-05,75,35,6,3,Completa,27,7,Friday,3,Arroz,Conservas,4.25,1437,25.5
1839,2024-07-05,197,23,3,2,Completa,27,7,Friday,3,Papas fritas,Congelados,8.23,3731,24.69
2529,2024-07-05,77,31,1,5,Completa,27,7,Friday,3,Galletitas de agua,Galletitas y Snacks,5.24,2771,5.24
2624,2024-07-05,52,3,3,3,Completa,27,7,Friday,3,Queso cremoso,Lácteos,17.23,3167,51.69
2872,2024-07-05,277,27,3,4,Pendiente,27,7,Friday,3,Agua mineral,Bebidas,6.21,4978,18.63
67,2024-07-06,120,18,2,5,Completa,27,7,Saturday,3,Bananas,Frutas y Verduras,7.25,4720,14.5
130,2024-07-06,273,29,4,1,Completa,27,7,Saturday,3,Cerveza,Bebidas,11.54,2455,46.16
181,2024-07-06,143,34,6,1,Completa,27,7,Saturday,3,Maníes,Galletitas y Snacks,5.45,4769,32.7
644,2024-07-06,232,9,5,2,Pendiente,27,7,Saturday,3,Pollo,Carnicería,18.56,4051,92.8
960,2024-07-06,200,4,2,4,Completa,27,7,Saturday,3,Queso rallado,Lácteos,19.23,2099,38.46
1091,2024-07-06,250,15,5,4,Completa,27,7,Saturday,3,Medialunas,Panadería,3.51,4043,17.549999999999997
1338,2024-07-06,60,4,3,4,Completa,27,7,Saturday,3,Queso rallado,Lácteos,19.23,2099,57.69
1626,2024-07-06,171,36,3,1,Completa,27,7,Saturday,3,Lentejas,Conservas,3.25,4578,9.75
2168,2024-07-06,38,18,5,3,Completa,27,7,Saturday,3,Bananas,Frutas y Verduras,7.25,4720,36.25
2430,2024-07-06,264,9,4,5,Completa,27,7,Saturday,3,Pollo,Carnicería,18.56,4051,74.24
2900,2024-07-06,152,12,5,4,Completa,27,7,Saturday,3,Pan francés,Panadería,8.12,1619,40.599999999999994
2976,2024-07-06,214,29,5,3,Completa,27,7,Saturday,3,Cerveza,Bebidas,11.54,2455,57.699999999999996
13,2024-07-07,75,32,4,4,Completa,27,7,Sunday,3,Galletitas de chocolate,Galletitas y Snacks,6.25,5057,25.0
536,2024-07-07,117,16,1,5,Completa,27,7,Sunday,3,Tortas,Panadería,15.23,3189,15.23
551,2024-07-07,146,7,6,4,Completa,27,7,Sunday,3,Chorizo,Carnicería,11.25,4068,67.5
688,2024-07-07,82,23,6,1,Pendiente,27,7,Sunday,3,Papas fritas,Congelados,8.23,3731,49.38
957,2024-07-07,198,17,5,4,Completa,27,7,Sunday,3,Manzanas,Frutas y Verduras,6.54,3383,32.7
975,2024-07-07,40,34,6,4,Completa,27,7,Sunday,3,Maníes,Galletitas y Snacks,5.45,4769,32.7
981,2024-07-07,33,17,6,5,Completa,27,7,Sunday,3,Manzanas,Frutas y Verduras,6.54,3383,39.24
1309,2024-07-07,4,24,3,5,Pendiente,27,7,Sunday,3,Empanadas,Congelados,13.54,2908,40.62
1632,2024-07-07,224,38,1,1,Completa,27,7,Sunday,3,Atún enlatado,Conservas,6.21,2182,6.21
1813,2024-07-07,90,35,1,3,Pendiente,27,7,Sunday,3,Arroz,Conservas,4.25,1437,4.25
2198,2024-07-07,213,13,1,2,Completa,27,7,Sunday,3,Pan integral,Panadería,12.56,2228,12.56
2832,2024-07-07,171,31,2,4,Completa,27,7,Sunday,3,Galletitas de agua,Galletitas y Snacks,5.24,2771,10.48
2958,2024-07-07,142,12,6,5,Completa,27,7,Sunday,3,Pan francés,Panadería,8.12,1619,48.72
663,2024-07-08,183,18,2,5,Completa,28,7,Monday,3,Bananas,Frutas y Verduras,7.25,4720,14.5
746,2024-07-08,47,32,4,4,Pendiente,28,7,Monday,3,Galletitas de chocolate,Galletitas y Snacks,6.25,5057,25.0
1123,2024-07-08,164,9,5,4,Completa,28,7,Monday,3,Pollo,Carnicería,18.56,4051,92.8
1944,2024-07-08,130,1,6,5,Completa,28,7,Monday,3,Leche,Lácteos,12.24,3327,73.44
1989,2024-07-08,274,17,2,3,Completa,28,7,Monday,3,Manzanas,Frutas y Verduras,6.54,3383,13.08
2256,2024-07-08,242,31,5,2,Completa,28,7,Monday,3,Galletitas de agua,Galletitas y Snacks,5.24,2771,26.200000000000003
97,2024-07-09,103,19,1,4,Pendiente,28,7,Tuesday,3,Tomates,Frutas y Verduras,6.54,4041,6.54
212,2024-07-09,75,9,2,4,Pendiente,28,7,Tuesday,3,Pollo,Carnicería,18.56,4051,37.12
372,2024-07-09,15,1,3,5,Completa,28,7,Tuesday,3,Leche,Lácteos,12.24,3327,36.72
457,2024-07-09,154,31,5,5,Pendiente,28,7,Tuesday,3,Galletitas de agua,Galletitas y Snacks,5.24,2771,26.200000000000003
557,2024-07-09,208,8,3,5,Completa,28,7,Tuesday,3,Milanesa,Carnicería,16.21,3140,48.63
798,2024-07-09,10,24,5,4,Completa,28,7,Tuesday,3,Empanadas,Congelados,13.54,2908,67.69999999999999
1103,2024-07-09,10,34,6,5,Completa,28,7,Tuesday,3,Maníes,Galletitas y Snacks,5.45,4769,32.7
1176,2024-07-09,253,34,6,5,Completa,28,7,Tuesday,3,Maníes,Galletitas y Snacks,5.45,4769,32.7
1475,2024-07-09,39,33,5,5,Completa,28,7,Tuesday,3,Papas chips,Galletitas y Snacks,8.54,2837,42.699999999999996
1541,2024-07-09,184,13,2,5,Pendiente,28,7,Tuesday,3,Pan integral,Panadería,12.56,2228,25.12
1790,2024-07-09,225,30,2,2,Completa,28,7,Tuesday,3,Vino tinto,Bebidas,13.54,1363,27.08
1941,2024-07-09,133,13,2,4,Pendiente,28,7,Tuesday,3,Pan integral,Panadería,12.56,2228,25.12
2064,2024-07-09,306,30,5,4,Completa,28,7,Tuesday,3,Vino tinto,Bebidas,13.54,1363,67.69999999999999
2432,2024-07-09,190,20,2,5,Pendiente,28,7,Tuesday,3,Lechugas,Frutas y Verduras,4.25,1541,8.5
2536,2024-07-09,194,29,3,3,Completa,28,7,Tuesday,3,Cerveza,Bebidas,11.54,2455,34.62
2629,2024-07-09,233,19,1,4,Pendiente,28,7,Tuesday,3,Tomates,Frutas y Verduras,6.54,4041,6.54
2639,2024-07-09,228,35,5,5,Completa,28,7,Tuesday,3,Arroz,Conservas,4.25,1437,21.25
2727,2024-07-09,167,17,1,3,Completa,28,7,Tuesday,3,Manzanas,Frutas y Verduras,6.54,3383,6.54
2788,2024-07-09,18,25,3,4,Completa,28,7,Tuesday,3,Pizza congelada,Congelados,15.45,1640,46.349999999999994
2822,2024-07-09,27,14,1,1,Completa,28,7,Tuesday,3,Facturas,Panadería,12.36,3125,12.36
1393,2024-07-10,121,27,5,3,Completa,28,7,Wednesday,3,Agua mineral,Bebidas,6.21,4978,31.05
1628,2024-07-10,307,35,2,4,Completa,28,7,Wednesday,3,Arroz,Conservas,4.25,1437,8.5
2414,2024-07-10,97,19,3,2,Completa,28,7,Wednesday,3,Tomates,Frutas y Verduras,6.54,4041,19.62
2857,2024-07-10,111,25,3,5,Completa,28,7,Wednesday,3,Pizza congelada,Congelados,15.45,1640,46.349999999999994
848,2024-07-11,227,1,3,3,Pendiente,28,7,Thursday,3,Leche,Lácteos,12.24,3327,36.72
1388,2024-07-11,79,5,3,4,Completa,28,7,Thursday,3,Manteca,Lácteos,5.65,4929,16.950000000000003
1514,2024-07-11,156,14,1,4,Completa,28,7,Thursday,3,Facturas,Panadería,12.36,3125,12.36
1611,2024-07-11,297,8,2,4,Completa,28,7,Thursday,3,Milanesa,Carnicería,16.21,3140,32.42
2254,2024-07-11,303,10,2,3,Pendiente,28,7,Thursday,3,Costilla de cerdo,Carnicería,14.25,2429,28.5
2255,2024-07-11,180,35,5,1,Completa,28,7,Thursday,3,Arroz,Conservas,4.25,1437,21.25
2290,2024-07-11,216,19,3,5,Pendiente,28,7,Thursday,3,Tomates,Frutas y Verduras,6.54,4041,19.62
2496,2024-07-11,262,5,3,4,Completa,28,7,Thursday,3,Manteca,Lácteos,5.65,4929,16.950000000000003
2930,2024-07-11,198,30,4,4,Completa,28,7,Thursday,3,Vino tinto,Bebidas,13.54,1363,54.16
2932,2024-07-11,313,23,1,5,Completa,28,7,Thursday,3,Papas fritas,Congelados,8.23,3731,8.23
2963,2024-07-11,9,16,4,5,Completa,28,7,Thursday,3,Tortas,Panadería,15.23,3189,60.92
560,2024-07-12,300,23,1,5,Completa,28,7,Friday,3,Papas fritas,Congelados,8.23,3731,8.23
646,2024-07-12,25,27,5,4,Completa,28,7,Friday,3,Agua mineral,Bebidas,6.21,4978,31.05
1077,2024-07-12,268,34,4,4,Completa,28,7,Friday,3,Maníes,Galletitas y Snacks,5.45,4769,21.8
1262,2024-07-12,313,21,2,5,Pendiente,28,7,Friday,3,Zanahorias,Frutas y Verduras,3.25,2800,6.5
1459,2024-07-12,176,37,5,2,Completa,28,7,Friday,3,Garbanzos,Conservas,3.65,1506,18.25
1476,2024-07-12,12,26,3,1,Completa,28,7,Friday,3,Hamburgesas congeladas,Congelados,9.54,1688,28.619999999999997
1676,2024-07-12,324,36,5,4,Completa,28,7,Friday,3,Lentejas,Conservas,3.25,4578,16.25
1729,2024-07-12,118,33,6,4,Completa,28,7,Friday,3,Papas chips,Galletitas y Snacks,8.54,2837,51.239999999999995
1791,2024-07-12,250,16,4,4,Completa,28,7,Friday,3,Tortas,Panadería,15.23,3189,60.92
2768,2024-07-12,307,13,1,3,Completa,28,7,Friday,3,Pan integral,Panadería,12.56,2228,12.56
143,2024-07-13,184,31,6,2,Completa,28,7,Saturday,3,Galletitas de agua,Galletitas y Snacks,5.24,2771,31.44
776,2024-07-13,175,6,6,4,Completa,28,7,Saturday,3,Asado,Carnicería,28.56,5137,171.35999999999999
1440,2024-07-13,278,16,1,1,Completa,28,7,Saturday,3,Tortas,Panadería,15.23,3189,15.23
2052,2024-07-13,322,19,4,4,Completa,28,7,Saturday,3,Tomates,Frutas y Verduras,6.54,4041,26.16
2743,2024-07-13,251,5,5,4,Completa,28,7,Saturday,3,Manteca,Lácteos,5.65,4929,28.25
246,2024-07-14,171,26,3,2,Completa,28,7,Sunday,3,Hamburgesas congeladas,Congelados,9.54,1688,28.619999999999997
391,2024-07-14,34,16,3,5,Completa,28,7,Sunday,3,Tortas,Panadería,15.23,3189,45.69
473,2024-07-14,229,29,4,4,Completa,28,7,Sunday,3,Cerveza,Bebidas,11.54,2455,46.16
619,2024-07-14,121,35,2,4,Completa,28,7,Sunday,3,Arroz,Conservas,4.25,1437,8.5
1397,2024-07-14,112,13,2,1,Completa,28,7,Sunday,3,Pan integral,Panadería,12.56,2228,25.12
1620,2024-07-14,267,32,2,4,Completa,28,7,Sunday,3,Galletitas de chocolate,Galletitas y Snacks,6.25,5057,12.5
1778,2024-07-14,208,19,4,3,Completa,28,7,Sunday,3,Tomates,Frutas y Verduras,6.54,4041,26.16
2342,2024-07-14,180,22,6,4,Completa,28,7,Sunday,3,Cebolla,Frutas y Verduras,4.21,3545,25.259999999999998
2886,2024-07-14,67,19,1,1,Completa,28,7,Sunday,3,Tomates,Frutas y Verduras,6.54,4041,6.54
548,2024-07-15,229,30,6,5,Pendiente,29,7,Monday,3,Vino tinto,Bebidas,13.54,1363,81.24
2083,2024-07-15,44,6,2,4,Completa,29,7,Monday,3,Asado,Carnicería,28.56,5137,57.12
2577,2024-07-15,240,11,3,2,Completa,29,7,Monday,3,Salchicha,Carnicería,11.23,1726,33.69
48,2024-07-16,13,4,2,3,Pendiente,29,7,Tuesday,3,Queso rallado,Lácteos,19.23,2099,38.46
74,2024-07-16,125,19,4,5,Pendiente,29,7,Tuesday,3,Tomates,Frutas y Verduras,6.54,4041,26.16
648,2024-07-16,198,35,6,1,Pendiente,29,7,Tuesday,3,Arroz,Conservas,4.25,1437,25.5
893,2024-07-16,183,29,4,3,Completa,29,7,Tuesday,3,Cerveza,Bebidas,11.54,2455,46.16
1345,2024-07-16,149,27,1,4,Completa,29,7,Tuesday,3,Agua mineral,Bebidas,6.21,4978,6.21
1400,2024-07-16,299,22,4,4,Completa,29,7,Tuesday,3,Cebolla,Frutas y Verduras,4.21,3545,16.84
1871,2024-07-16,184,20,1,5,Completa,29,7,Tuesday,3,Lechugas,Frutas y Verduras,4.25,1541,4.25
2158,2024-07-16,148,38,3,4,Pendiente,29,7,Tuesday,3,Atún enlatado,Conservas,6.21,2182,18.63
412,2024-07-17,170,9,1,4,Completa,29,7,Wednesday,3,Pollo,Carnicería,18.56,4051,18.56
671,2024-07-17,286,22,1,1,Pendiente,29,7,Wednesday,3,Cebolla,Frutas y Verduras,4.21,3545,4.21
768,2024-07-17,168,19,5,3,Completa,29,7,Wednesday,3,Tomates,Frutas y Verduras,6.54,4041,32.7
974,2024-07-17,175,23,2,5,Completa,29,7,Wednesday,3,Papas fritas,Congelados,8.23,3731,16.46
1093,2024-07-17,52,36,3,1,Completa,29,7,Wednesday,3,Lentejas,Conservas,3.25,4578,9.75
1335,2024-07-17,33,28,4,4,Completa,29,7,Wednesday,3,Jugos de frutas,Bebidas,9.45,3637,37.8
1664,2024-07-17,17,11,2,4,Pendiente,29,7,Wednesday,3,Salchicha,Carnicería,11.23,1726,22.46
1898,2024-07-17,261,20,4,4,Completa,29,7,Wednesday,3,Lechugas,Frutas y Verduras,4.25,1541,17.0
2061,2024-07-17,318,30,2,4,Completa,29,7,Wednesday,3,Vino tinto,Bebidas,13.54,1363,27.08
2133,2024-07-17,92,13,6,3,Completa,29,7,Wednesday,3,Pan integral,Panadería,12.56,2228,75.36
2139,2024-07-17,234,18,6,4,Completa,29,7,Wednesday,3,Bananas,Frutas y Verduras,7.25,4720,43.5
2321,2024-07-17,34,20,6,4,Completa,29,7,Wednesday,3,Lechugas,Frutas y Verduras,4.25,1541,25.5
489,2024-07-18,152,27,6,5,Completa,29,7,Thursday,3,Agua mineral,Bebidas,6.21,4978,37.26
519,2024-07-18,174,38,3,1,Completa,29,7,Thursday,3,Atún enlatado,Conservas,6.21,2182,18.63
549,2024-07-18,211,4,3,5,Pendiente,29,7,Thursday,3,Queso rallado,Lácteos,19.23,2099,57.69
1216,2024-07-18,123,23,6,3,Completa,29,7,Thursday,3,Papas fritas,Congelados,8.23,3731,49.38
1305,2024-07-18,134,38,1,3,Completa,29,7,Thursday,3,Atún enlatado,Conservas,6.21,2182,6.21
1493,2024-07-18,291,15,4,5,Completa,29,7,Thursday,3,Medialunas,Panadería,3.51,4043,14.04
2412,2024-07-18,5,36,3,1,Completa,29,7,Thursday,3,Lentejas,Conservas,3.25,4578,9.75
2902,2024-07-18,325,32,3,5,Completa,29,7,Thursday,3,Galletitas de chocolate,Galletitas y Snacks,6.25,5057,18.75
148,2024-07-19,50,9,6,2,Completa,29,7,Friday,3,Pollo,Carnicería,18.56,4051,111.35999999999999
241,2024-07-19,158,7,5,3,Pendiente,29,7,Friday,3,Chorizo,Carnicería,11.25,4068,56.25
335,2024-07-19,277,11,2,4,Pendiente,29,7,Friday,3,Salchicha,Carnicería,11.23,1726,22.46
977,2024-07-19,25,12,1,1,Completa,29,7,Friday,3,Pan francés,Panadería,8.12,1619,8.12
1395,2024-07-19,265,3,4,4,Pendiente,29,7,Friday,3,Queso cremoso,Lácteos,17.23,3167,68.92
1546,2024-07-19,283,10,1,3,Completa,29,7,Friday,3,Costilla de cerdo,Carnicería,14.25,2429,14.25
2474,2024-07-19,188,19,3,4,Pendiente,29,7,Friday,3,Tomates,Frutas y Verduras,6.54,4041,19.62
2557,2024-07-19,156,7,1,1,Completa,29,7,Friday,3,Chorizo,Carnicería,11.25,4068,11.25
2652,2024-07-19,247,23,1,1,Completa,29,7,Friday,3,Papas fritas,Congelados,8.23,3731,8.23
2800,2024-07-19,226,8,4,2,Completa,29,7,Friday,3,Milanesa,Carnicería,16.21,3140,64.84
2811,2024-07-19,253,26,6,5,Completa,29,7,Friday,3,Hamburgesas congeladas,Congelados,9.54,1688,57.239999999999995
2830,2024-07-19,11,27,1,5,Completa,29,7,Friday,3,Agua mineral,Bebidas,6.21,4978,6.21
2966,2024-07-19,203,37,4,4,Completa,29,7,Friday,3,Garbanzos,Conservas,3.65,1506,14.6
2977,2024-07-19,288,21,2,2,Completa,29,7,Friday,3,Zanahorias,Frutas y Verduras,3.25,2800,6.5
500,2024-07-20,175,35,3,5,Pendiente,29,7,Saturday,3,Arroz,Conservas,4.25,1437,12.75
514,2024-07-20,298,38,5,5,Completa,29,7,Saturday,3,Atún enlatado,Conservas,6.21,2182,31.05
682,2024-07-20,200,17,2,2,Completa,29,7,Saturday,3,Manzanas,Frutas y Verduras,6.54,3383,13.08
707,2024-07-20,216,8,4,3,Completa,29,7,Saturday,3,Milanesa,Carnicería,16.21,3140,64.84
777,2024-07-20,235,9,1,5,Completa,29,7,Saturday,3,Pollo,Carnicería,18.56,4051,18.56
803,2024-07-20,227,2,4,4,Pendiente,29,7,Saturday,3,Yogur,Lácteos,5.21,3358,20.84
1461,2024-07-20,87,5,4,1,Completa,29,7,Saturday,3,Manteca,Lácteos,5.65,4929,22.6
1547,2024-07-20,122,21,2,2,Completa,29,7,Saturday,3,Zanahorias,Frutas y Verduras,3.25,2800,6.5
2676,2024-07-20,83,25,2,4,Completa,29,7,Saturday,3,Pizza congelada,Congelados,15.45,1640,30.9
367,2024-07-21,163,6,3,4,Completa,29,7,Sunday,3,Asado,Carnicería,28.56,5137,85.67999999999999
666,2024-07-21,20,10,3,3,Completa,29,7,Sunday,3,Costilla de cerdo,Carnicería,14.25,2429,42.75
1017,2024-07-21,200,24,2,3,Completa,29,7,Sunday,3,Empanadas,Congelados,13.54,2908,27.08
1023,2024-07-21,104,4,2,5,Pendiente,29,7,Sunday,3,Queso rallado,Lácteos,19.23,2099,38.46
1885,2024-07-21,219,17,6,4,Completa,29,7,Sunday,3,Manzanas,Frutas y Verduras,6.54,3383,39.24
1887,2024-07-21,19,19,2,5,Completa,29,7,Sunday,3,Tomates,Frutas y Verduras,6.54,4041,13.08
1943,2024-07-21,235,15,2,4,Completa,29,7,Sunday,3,Medialunas,Panadería,3.51,4043,7.02
2111,2024-07-21,289,23,2,3,Completa,29,7,Sunday,3,Papas fritas,Congelados,8.23,3731,16.46
81,2024-07-22,160,10,2,3,Completa,30,7,Monday,3,Costilla de cerdo,Carnicería,14.25,2429,28.5
291,2024-07-22,79,37,6,3,Completa,30,7,Monday,3,Garbanzos,Conservas,3.65,1506,21.9
555,2024-07-22,234,27,5,3,Completa,30,7,Monday,3,Agua mineral,Bebidas,6.21,4978,31.05
1034,2024-07-22,125,26,3,1,Pendiente,30,7,Monday,3,Hamburgesas congeladas,Congelados,9.54,1688,28.619999999999997
1641,2024-07-22,319,29,6,4,Pendiente,30,7,Monday,3,Cerveza,Bebidas,11.54,2455,69.24
1848,2024-07-22,323,2,5,2,Completa,30,7,Monday,3,Yogur,Lácteos,5.21,3358,26.05
1990,2024-07-22,242,16,4,5,Completa,30,7,Monday,3,Tortas,Panadería,15.23,3189,60.92
2440,2024-07-22,21,35,6,4,Completa,30,7,Monday,3,Arroz,Conservas,4.25,1437,25.5
2837,2024-07-22,324,14,1,3,Completa,30,7,Monday,3,Facturas,Panadería,12.36,3125,12.36
280,2024-07-23,279,2,1,3,Completa,30,7,Tuesday,3,Yogur,Lácteos,5.21,3358,5.21
538,2024-07-23,243,37,1,1,Pendiente,30,7,Tuesday,3,Garbanzos,Conservas,3.65,1506,3.65
574,2024-07-23,17,17,5,5,Completa,30,7,Tuesday,3,Manzanas,Frutas y Verduras,6.54,3383,32.7
1145,2024-07-23,90,25,6,2,Completa,30,7,Tuesday,3,Pizza congelada,Congelados,15.45,1640,92.69999999999999
1261,2024-07-23,318,30,4,1,Completa,30,7,Tuesday,3,Vino tinto,Bebidas,13.54,1363,54.16
1500,2024-07-23,141,23,5,4,Pendiente,30,7,Tuesday,3,Papas fritas,Congelados,8.23,3731,41.150000000000006
1912,2024-07-23,23,21,1,4,Completa,30,7,Tuesday,3,Zanahorias,Frutas y Verduras,3.25,2800,3.25
2170,2024-07-23,130,2,1,4,Pendiente,30,7,Tuesday,3,Yogur,Lácteos,5.21,3358,5.21
2736,2024-07-23,133,35,4,3,Completa,30,7,Tuesday,3,Arroz,Conservas,4.25,1437,17.0
2749,2024-07-23,248,18,2,1,Completa,30,7,Tuesday,3,Bananas,Frutas y Verduras,7.25,4720,14.5
2927,2024-07-23,270,13,6,4,Completa,30,7,Tuesday,3,Pan integral,Panadería,12.56,2228,75.36
92,2024-07-24,190,22,2,5,Completa,30,7,Wednesday,3,Cebolla,Frutas y Verduras,4.21,3545,8.42
953,2024-07-24,134,33,3,3,Completa,30,7,Wednesday,3,Papas chips,Galletitas y Snacks,8.54,2837,25.619999999999997
1314,2024-07-24,290,6,3,2,Completa,30,7,Wednesday,3,Asado,Carnicería,28.56,5137,85.67999999999999
1994,2024-07-24,323,31,6,5,Completa,30,7,Wednesday,3,Galletitas de agua,Galletitas y Snacks,5.24,2771,31.44
2215,2024-07-24,35,28,1,1,Pendiente,30,7,Wednesday,3,Jugos de frutas,Bebidas,9.45,3637,9.45
2277,2024-07-24,144,36,3,2,Completa,30,7,Wednesday,3,Lentejas,Conservas,3.25,4578,9.75
2528,2024-07-24,164,13,1,1,Completa,30,7,Wednesday,3,Pan integral,Panadería,12.56,2228,12.56
2695,2024-07-24,58,31,1,5,Completa,30,7,Wednesday,3,Galletitas de agua,Galletitas y Snacks,5.24,2771,5.24
2725,2024-07-24,256,6,3,1,Completa,30,7,Wednesday,3,Asado,Carnicería,28.56,5137,85.67999999999999
104,2024-07-25,171,21,2,5,Completa,30,7,Thursday,3,Zanahorias,Frutas y Verduras,3.25,2800,6.5
939,2024-07-25,150,14,2,5,Completa,30,7,Thursday,3,Facturas,Panadería,12.36,3125,24.72
1255,2024-07-25,25,35,6,4,Pendiente,30,7,Thursday,3,Arroz,Conservas,4.25,1437,25.5
1353,2024-07-25,317,34,3,1,Completa,30,7,Thursday,3,Maníes,Galletitas y Snacks,5.45,4769,16.35
1408,2024-07-25,124,12,1,5,Completa,30,7,Thursday,3,Pan francés,Panadería,8.12,1619,8.12
1580,2024-07-25,209,9,6,3,Completa,30,7,Thursday,3,Pollo,Carnicería,18.56,4051,111.35999999999999
1744,2024-07-25,314,34,3,5,Completa,30,7,Thursday,3,Maníes,Galletitas y Snacks,5.45,4769,16.35
2471,2024-07-25,32,35,2,3,Completa,30,7,Thursday,3,Arroz,Conservas,4.25,1437,8.5
2525,2024-07-25,231,38,4,5,Completa,30,7,Thursday,3,Atún enlatado,Conservas,6.21,2182,24.84
19,2024-07-26,47,31,6,1,Pendiente,30,7,Friday,3,Galletitas de agua,Galletitas y Snacks,5.24,2771,31.44
323,2024-07-26,295,22,3,2,Completa,30,7,Friday,3,Cebolla,Frutas y Verduras,4.21,3545,12.629999999999999
392,2024-07-26,150,15,5,5,Completa,30,7,Friday,3,Medialunas,Panadería,3.51,4043,17.549999999999997
410,2024-07-26,165,34,5,2,Pendiente,30,7,Friday,3,Maníes,Galletitas y Snacks,5.45,4769,27.25
515,2024-07-26,35,13,3,4,Completa,30,7,Friday,3,Pan integral,Panadería,12.56,2228,37.68
689,2024-07-26,187,33,3,1,Completa,30,7,Friday,3,Papas chips,Galletitas y Snacks,8.54,2837,25.619999999999997
770,2024-07-26,123,9,1,1,Completa,30,7,Friday,3,Pollo,Carnicería,18.56,4051,18.56
1004,2024-07-26,71,29,5,5,Completa,30,7,Friday,3,Cerveza,Bebidas,11.54,2455,57.699999999999996
1070,2024-07-26,174,12,6,4,Completa,30,7,Friday,3,Pan francés,Panadería,8.12,1619,48.72
1233,2024-07-26,199,16,4,3,Cancelada,30,7,Friday,3,Tortas,Panadería,15.23,3189,60.92
1678,2024-07-26,170,32,6,4,Pendiente,30,7,Friday,3,Galletitas de chocolate,Galletitas y Snacks,6.25,5057,37.5
2760,2024-07-26,159,16,5,4,Completa,30,7,Friday,3,Tortas,Panadería,15.23,3189,76.15
2779,2024-07-26,237,26,3,5,Completa,30,7,Friday,3,Hamburgesas congeladas,Congelados,9.54,1688,28.619999999999997
2836,2024-07-26,139,13,5,1,Completa,30,7,Friday,3,Pan integral,Panadería,12.56,2228,62.800000000000004
2986,2024-07-26,228,11,4,4,Completa,30,7,Friday,3,Salchicha,Carnicería,11.23,1726,44.92
344,2024-07-27,151,19,2,3,Pendiente,30,7,Saturday,3,Tomates,Frutas y Verduras,6.54,4041,13.08
475,2024-07-27,314,36,5,1,Completa,30,7,Saturday,3,Lentejas,Conservas,3.25,4578,16.25
771,2024-07-27,78,32,4,2,Completa,30,7,Saturday,3,Galletitas de chocolate,Galletitas y Snacks,6.25,5057,25.0
1516,2024-07-27,22,14,2,4,Completa,30,7,Saturday,3,Facturas,Panadería,12.36,3125,24.72
1858,2024-07-27,301,26,2,4,Pendiente,30,7,Saturday,3,Hamburgesas congeladas,Congelados,9.54,1688,19.08
2237,2024-07-27,233,38,5,4,Completa,30,7,Saturday,3,Atún enlatado,Conservas,6.21,2182,31.05
2282,2024-07-27,192,6,6,4,Completa,30,7,Saturday,3,Asado,Carnicería,28.56,5137,171.35999999999999
2293,2024-07-27,300,6,3,4,Completa,30,7,Saturday,3,Asado,Carnicería,28.56,5137,85.67999999999999
411,2024-07-28,142,23,5,4,Completa,30,7,Sunday,3,Papas fritas,Congelados,8.23,3731,41.150000000000006
838,2024-07-28,304,38,3,1,Completa,30,7,Sunday,3,Atún enlatado,Conservas,6.21,2182,18.63
2389,2024-07-28,64,29,1,1,Completa,30,7,Sunday,3,Cerveza,Bebidas,11.54,2455,11.54
178,2024-07-29,159,21,1,3,Pendiente,31,7,Monday,3,Zanahorias,Frutas y Verduras,3.25,2800,3.25
257,2024-07-29,249,28,5,4,Pendiente,31,7,Monday,3,Jugos de frutas,Bebidas,9.45,3637,47.25
531,2024-07-29,24,27,2,4,Completa,31,7,Monday,3,Agua mineral,Bebidas,6.21,4978,12.42
701,2024-07-29,77,21,2,3,Pendiente,31,7,Monday,3,Zanahorias,Frutas y Verduras,3.25,2800,6.5
1515,2024-07-29,22,3,3,1,Completa,31,7,Monday,3,Queso cremoso,Lácteos,17.23,3167,51.69
1850,2024-07-29,301,15,4,4,Completa,31,7,Monday,3,Medialunas,Panadería,3.51,4043,14.04
2994,2024-07-29,162,17,3,3,Completa,31,7,Monday,3,Manzanas,Frutas y Verduras,6.54,3383,19.62
121,2024-07-30,114,38,4,5,Completa,31,7,Tuesday,3,Atún enlatado,Conservas,6.21,2182,24.84
202,2024-07-30,170,6,5,4,Completa,31,7,Tuesday,3,Asado,Carnicería,28.56,5137,142.79999999999998
308,2024-07-30,153,29,2,4,Completa,31,7,Tuesday,3,Cerveza,Bebidas,11.54,2455,23.08
381,2024-07-30,140,29,4,2,Completa,31,7,Tuesday,3,Cerveza,Bebidas,11.54,2455,46.16
906,2024-07-30,179,13,1,5,Completa,31,7,Tuesday,3,Pan integral,Panadería,12.56,2228,12.56
930,2024-07-30,91,7,6,4,Completa,31,7,Tuesday,3,Chorizo,Carnicería,11.25,4068,67.5
1106,2024-07-30,153,2,1,4,Pendiente,31,7,Tuesday,3,Yogur,Lácteos,5.21,3358,5.21
1196,2024-07-30,239,32,2,1,Completa,31,7,Tuesday,3,Galletitas de chocolate,Galletitas y Snacks,6.25,5057,12.5
1520,2024-07-30,209,1,4,5,Completa,31,7,Tuesday,3,Leche,Lácteos,12.24,3327,48.96
1617,2024-07-30,162,32,1,4,Completa,31,7,Tuesday,3,Galletitas de chocolate,Galletitas y Snacks,6.25,5057,6.25
1672,2024-07-30,188,8,5,5,Completa,31,7,Tuesday,3,Milanesa,Carnicería,16.21,3140,81.05000000000001
1938,2024-07-30,125,16,3,4,Completa,31,7,Tuesday,3,Tortas,Panadería,15.23,3189,45.69
2423,2024-07-30,157,1,5,3,Completa,31,7,Tuesday,3,Leche,Lácteos,12.24,3327,61.2
2656,2024-07-30,207,14,4,5,Completa,31,7,Tuesday,3,Facturas,Panadería,12.36,3125,49.44
2846,2024-07-30,200,15,4,5,Completa,31,7,Tuesday,3,Medialunas,Panadería,3.51,4043,14.04
2849,2024-07-30,153,26,2,4,Completa,31,7,Tuesday,3,Hamburgesas congeladas,Congelados,9.54,1688,19.08
146,2024-07-31,148,8,2,4,Completa,31,7,Wednesday,3,Milanesa,Carnicería,16.21,3140,32.42
220,2024-07-31,156,5,6,5,Pendiente,31,7,Wednesday,3,Manteca,Lácteos,5.65,4929,33.900000000000006
1279,2024-07-31,302,33,4,1,Completa,31,7,Wednesday,3,Papas chips,Galletitas y Snacks,8.54,2837,34.16
1297,2024-07-31,32,24,2,1,Completa,31,7,Wednesday,3,Empanadas,Congelados,13.54,2908,27.08
1316,2024-07-31,251,2,3,4,Pendiente,31,7,Wednesday,3,Yogur,Lácteos,5.21,3358,15.629999999999999
1352,2024-07-31,205,7,6,4,Pendiente,31,7,Wednesday,3,Chorizo,Carnicería,11.25,4068,67.5
47,2024-08-01,86,31,4,2,Completa,31,8,Thursday,3,Galletitas de agua,Galletitas y Snacks,5.24,2771,20.96
631,2024-08-01,120,20,1,1,Completa,31,8,Thursday,3,Lechugas,Frutas y Verduras,4.25,1541,4.25
929,2024-08-01,164,31,5,3,Pendiente,31,8,Thursday,3,Galletitas de agua,Galletitas y Snacks,5.24,2771,26.200000000000003
1090,2024-08-01,43,3,3,4,Pendiente,31,8,Thursday,3,Queso cremoso,Lácteos,17.23,3167,51.69
1973,2024-08-01,80,20,3,3,Completa,31,8,Thursday,3,Lechugas,Frutas y Verduras,4.25,1541,12.75
2118,2024-08-01,199,7,2,5,Completa,31,8,Thursday,3,Chorizo,Carnicería,11.25,4068,22.5
2210,2024-08-01,140,5,2,3,Completa,31,8,Thursday,3,Manteca,Lácteos,5.65,4929,11.3
2285,2024-08-01,78,4,3,4,Pendiente,31,8,Thursday,3,Queso rallado,Lácteos,19.23,2099,57.69
2408,2024-08-01,89,15,1,5,Completa,31,8,Thursday,3,Medialunas,Panadería,3.51,4043,3.51
2502,2024-08-01,326,31,5,1,Completa,31,8,Thursday,3,Galletitas de agua,Galletitas y Snacks,5.24,2771,26.200000000000003
57,2024-08-02,305,13,1,5,Completa,31,8,Friday,3,Pan integral,Panadería,12.56,2228,12.56
313,2024-08-02,250,30,1,5,Completa,31,8,Friday,3,Vino tinto,Bebidas,13.54,1363,13.54
333,2024-08-02,26,35,1,1,Completa,31,8,Friday,3,Arroz,Conservas,4.25,1437,4.25
336,2024-08-02,80,20,6,5,Completa,31,8,Friday,3,Lechugas,Frutas y Verduras,4.25,1541,25.5
356,2024-08-02,278,2,6,4,Completa,31,8,Friday,3,Yogur,Lácteos,5.21,3358,31.259999999999998
550,2024-08-02,221,4,5,1,Completa,31,8,Friday,3,Queso rallado,Lácteos,19.23,2099,96.15
1377,2024-08-02,85,31,6,1,Pendiente,31,8,Friday,3,Galletitas de agua,Galletitas y Snacks,5.24,2771,31.44
1407,2024-08-02,242,6,4,4,Completa,31,8,Friday,3,Asado,Carnicería,28.56,5137,114.24
1496,2024-08-02,213,9,5,5,Pendiente,31,8,Friday,3,Pollo,Carnicería,18.56,4051,92.8
1522,2024-08-02,167,6,6,2,Completa,31,8,Friday,3,Asado,Carnicería,28.56,5137,171.35999999999999
1955,2024-08-02,78,30,6,4,Completa,31,8,Friday,3,Vino tinto,Bebidas,13.54,1363,81.24
2361,2024-08-02,164,21,5,5,Pendiente,31,8,Friday,3,Zanahorias,Frutas y Verduras,3.25,2800,16.25
305,2024-08-03,78,11,6,4,Completa,31,8,Saturday,3,Salchicha,Carnicería,11.23,1726,67.38
1895,2024-08-03,125,13,4,5,Completa,31,8,Saturday,3,Pan integral,Panadería,12.56,2228,50.24
1937,2024-08-03,326,25,1,1,Completa,31,8,Saturday,3,Pizza congelada,Congelados,15.45,1640,15.45
2046,2024-08-03,13,22,1,5,Completa,31,8,Saturday,3,Cebolla,Frutas y Verduras,4.21,3545,4.21
2152,2024-08-03,153,25,2,2,Pendiente,31,8,Saturday,3,Pizza congelada,Congelados,15.45,1640,30.9
2265,2024-08-03,37,26,5,4,Completa,31,8,Saturday,3,Hamburgesas congeladas,Congelados,9.54,1688,47.699999999999996
211,2024-08-04,264,32,2,5,Completa,31,8,Sunday,3,Galletitas de chocolate,Galletitas y Snacks,6.25,5057,12.5
282,2024-08-04,189,3,2,5,Completa,31,8,Sunday,3,Queso cremoso,Lácteos,17.23,3167,34.46
1557,2024-08-04,165,37,5,1,Completa,31,8,Sunday,3,Garbanzos,Conservas,3.65,1506,18.25
1786,2024-08-04,209,33,4,4,Completa,31,8,Sunday,3,Papas chips,Galletitas y Snacks,8.54,2837,34.16
2234,2024-08-04,278,27,2,4,Completa,31,8,Sunday,3,Agua mineral,Bebidas,6.21,4978,12.42
153,2024-08-05,268,3,4,1,Completa,32,8,Monday,3,Queso cremoso,Lácteos,17.23,3167,68.92
193,2024-08-05,20,1,2,1,Completa,32,8,Monday,3,Leche,Lácteos,12.24,3327,24.48
486,2024-08-05,151,35,3,5,Completa,32,8,Monday,3,Arroz,Conservas,4.25,1437,12.75
487,2024-08-05,93,36,2,5,Completa,32,8,Monday,3,Lentejas,Conservas,3.25,4578,6.5
584,2024-08-05,99,11,4,5,Completa,32,8,Monday,3,Salchicha,Carnicería,11.23,1726,44.92
591,2024-08-05,111,37,5,2,Pendiente,32,8,Monday,3,Garbanzos,Conservas,3.65,1506,18.25
854,2024-08-05,82,29,6,3,Completa,32,8,Monday,3,Cerveza,Bebidas,11.54,2455,69.24
880,2024-08-05,114,2,2,5,Completa,32,8,Monday,3,Yogur,Lácteos,5.21,3358,10.42
1009,2024-08-05,306,29,2,5,Completa,32,8,Monday,3,Cerveza,Bebidas,11.54,2455,23.08
1432,2024-08-05,309,36,3,4,Completa,32,8,Monday,3,Lentejas,Conservas,3.25,4578,9.75
1482,2024-08-05,126,18,4,1,Completa,32,8,Monday,3,Bananas,Frutas y Verduras,7.25,4720,29.0
1604,2024-08-05,1,15,1,5,Completa,32,8,Monday,3,Medialunas,Panadería,3.51,4043,3.51
2187,2024-08-05,69,29,1,1,Completa,32,8,Monday,3,Cerveza,Bebidas,11.54,2455,11.54
2357,2024-08-05,125,32,5,5,Completa,32,8,Monday,3,Galletitas de chocolate,Galletitas y Snacks,6.25,5057,31.25
2618,2024-08-05,145,1,3,3,Completa,32,8,Monday,3,Leche,Lácteos,12.24,3327,36.72
2627,2024-08-05,241,36,4,2,Completa,32,8,Monday,3,Lentejas,Conservas,3.25,4578,13.0
2773,2024-08-05,248,31,4,3,Completa,32,8,Monday,3,Galletitas de agua,Galletitas y Snacks,5.24,2771,20.96
94,2024-08-06,174,31,1,1,Completa,32,8,Tuesday,3,Galletitas de agua,Galletitas y Snacks,5.24,2771,5.24
175,2024-08-06,203,3,2,5,Pendiente,32,8,Tuesday,3,Queso cremoso,Lácteos,17.23,3167,34.46
764,2024-08-06,43,9,2,5,Completa,32,8,Tuesday,3,Pollo,Carnicería,18.56,4051,37.12
1229,2024-08-06,107,22,1,4,Cancelada,32,8,Tuesday,3,Cebolla,Frutas y Verduras,4.21,3545,4.21
1544,2024-08-06,60,26,6,3,Completa,32,8,Tuesday,3,Hamburgesas congeladas,Congelados,9.54,1688,57.239999999999995
1767,2024-08-06,215,36,5,3,Completa,32,8,Tuesday,3,Lentejas,Conservas,3.25,4578,16.25
2848,2024-08-06,157,9,4,3,Completa,32,8,Tuesday,3,Pollo,Carnicería,18.56,4051,74.24
2852,2024-08-06,50,26,4,3,Completa,32,8,Tuesday,3,Hamburgesas congeladas,Congelados,9.54,1688,38.16
62,2024-08-07,205,15,2,5,Completa,32,8,Wednesday,3,Medialunas,Panadería,3.51,4043,7.02
114,2024-08-07,46,23,6,1,Completa,32,8,Wednesday,3,Papas fritas,Congelados,8.23,3731,49.38
126,2024-08-07,24,26,5,3,Completa,32,8,Wednesday,3,Hamburgesas congeladas,Congelados,9.54,1688,47.699999999999996
839,2024-08-07,35,12,6,5,Completa,32,8,Wednesday,3,Pan francés,Panadería,8.12,1619,48.72
1038,2024-08-07,119,34,5,3,Completa,32,8,Wednesday,3,Maníes,Galletitas y Snacks,5.45,4769,27.25
1058,2024-08-07,67,15,5,1,Completa,32,8,Wednesday,3,Medialunas,Panadería,3.51,4043,17.549999999999997
1426,2024-08-07,326,15,6,3,Completa,32,8,Wednesday,3,Medialunas,Panadería,3.51,4043,21.06
1527,2024-08-07,203,29,5,3,Completa,32,8,Wednesday,3,Cerveza,Bebidas,11.54,2455,57.699999999999996
2212,2024-08-07,99,23,3,1,Completa,32,8,Wednesday,3,Papas fritas,Congelados,8.23,3731,24.69
2284,2024-08-07,58,15,4,5,Pendiente,32,8,Wednesday,3,Medialunas,Panadería,3.51,4043,14.04
2784,2024-08-07,44,35,3,5,Completa,32,8,Wednesday,3,Arroz,Conservas,4.25,1437,12.75
398,2024-08-08,123,23,1,1,Pendiente,32,8,Thursday,3,Papas fritas,Congelados,8.23,3731,8.23
494,2024-08-08,143,8,6,4,Completa,32,8,Thursday,3,Milanesa,Carnicería,16.21,3140,97.26
1080,2024-08-08,202,27,6,4,Completa,32,8,Thursday,3,Agua mineral,Bebidas,6.21,4978,37.26
1827,2024-08-08,13,28,2,3,Pendiente,32,8,Thursday,3,Jugos de frutas,Bebidas,9.45,3637,18.9
2049,2024-08-08,76,9,1,3,Completa,32,8,Thursday,3,Pollo,Carnicería,18.56,4051,18.56
2802,2024-08-08,326,16,4,3,Completa,32,8,Thursday,3,Tortas,Panadería,15.23,3189,60.92
418,2024-08-09,252,32,4,1,Completa,32,8,Friday,3,Galletitas de chocolate,Galletitas y Snacks,6.25,5057,25.0
1101,2024-08-09,127,6,6,1,Completa,32,8,Friday,3,Asado,Carnicería,28.56,5137,171.35999999999999
1166,2024-08-09,151,9,5,4,Completa,32,8,Friday,3,Pollo,Carnicería,18.56,4051,92.8
2791,2024-08-09,124,33,2,3,Completa,32,8,Friday,3,Papas chips,Galletitas y Snacks,8.54,2837,17.08
502,2024-08-10,231,23,1,4,Completa,32,8,Saturday,3,Papas fritas,Congelados,8.23,3731,8.23
594,2024-08-10,261,5,4,3,Completa,32,8,Saturday,3,Manteca,Lácteos,5.65,4929,22.6
703,2024-08-10,126,24,5,4,Completa,32,8,Saturday,3,Empanadas,Congelados,13.54,2908,67.69999999999999
1865,2024-08-10,247,9,3,1,Completa,32,8,Saturday,3,Pollo,Carnicería,18.56,4051,55.67999999999999
2324,2024-08-10,235,30,1,4,Completa,32,8,Saturday,3,Vino tinto,Bebidas,13.54,1363,13.54
2748,2024-08-10,169,27,2,1,Completa,32,8,Saturday,3,Agua mineral,Bebidas,6.21,4978,12.42
427,2024-08-11,132,34,5,3,Completa,32,8,Sunday,3,Maníes,Galletitas y Snacks,5.45,4769,27.25
852,2024-08-11,139,26,3,5,Completa,32,8,Sunday,3,Hamburgesas congeladas,Congelados,9.54,1688,28.619999999999997
1008,2024-08-11,204,11,5,5,Completa,32,8,Sunday,3,Salchicha,Carnicería,11.23,1726,56.150000000000006
1059,2024-08-11,24,29,3,1,Completa,32,8,Sunday,3,Cerveza,Bebidas,11.54,2455,34.62
1855,2024-08-11,237,8,6,1,Completa,32,8,Sunday,3,Milanesa,Carnicería,16.21,3140,97.26
1873,2024-08-11,234,9,2,5,Completa,32,8,Sunday,3,Pollo,Carnicería,18.56,4051,37.12
1991,2024-08-11,21,35,2,1,Completa,32,8,Sunday,3,Arroz,Conservas,4.25,1437,8.5
1995,2024-08-11,159,9,2,5,Completa,32,8,Sunday,3,Pollo,Carnicería,18.56,4051,37.12
2172,2024-08-11,238,12,3,3,Completa,32,8,Sunday,3,Pan francés,Panadería,8.12,1619,24.36
2692,2024-08-11,1,13,2,1,Pendiente,32,8,Sunday,3,Pan integral,Panadería,12.56,2228,25.12
2702,2024-08-11,212,3,1,4,Completa,32,8,Sunday,3,Queso cremoso,Lácteos,17.23,3167,17.23
258,2024-08-12,42,31,1,4,Completa,33,8,Monday,3,Galletitas de agua,Galletitas y Snacks,5.24,2771,5.24
315,2024-08-12,182,14,2,5,Pendiente,33,8,Monday,3,Facturas,Panadería,12.36,3125,24.72
773,2024-08-12,247,26,2,1,Pendiente,33,8,Monday,3,Hamburgesas congeladas,Congelados,9.54,1688,19.08
1242,2024-08-12,62,38,4,5,Completa,33,8,Monday,3,Atún enlatado,Conservas,6.21,2182,24.84
1499,2024-08-12,262,32,1,4,Pendiente,33,8,Monday,3,Galletitas de chocolate,Galletitas y Snacks,6.25,5057,6.25
2161,2024-08-12,280,16,1,4,Completa,33,8,Monday,3,Tortas,Panadería,15.23,3189,15.23
2394,2024-08-12,94,34,1,2,Completa,33,8,Monday,3,Maníes,Galletitas y Snacks,5.45,4769,5.45
2533,2024-08-12,12,21,1,1,Completa,33,8,Monday,3,Zanahorias,Frutas y Verduras,3.25,2800,3.25
2626,2024-08-12,321,10,2,5,Completa,33,8,Monday,3,Costilla de cerdo,Carnicería,14.25,2429,28.5
2804,2024-08-12,11,1,1,5,Completa,33,8,Monday,3,Leche,Lácteos,12.24,3327,12.24
2971,2024-08-12,124,7,6,3,Completa,33,8,Monday,3,Chorizo,Carnicería,11.25,4068,67.5
78,2024-08-13,60,13,6,4,Completa,33,8,Tuesday,3,Pan integral,Panadería,12.56,2228,75.36
149,2024-08-13,79,7,6,5,Pendiente,33,8,Tuesday,3,Chorizo,Carnicería,11.25,4068,67.5
936,2024-08-13,98,2,2,4,Completa,33,8,Tuesday,3,Yogur,Lácteos,5.21,3358,10.42
1450,2024-08-13,98,12,2,2,Completa,33,8,Tuesday,3,Pan francés,Panadería,8.12,1619,16.24
1799,2024-08-13,325,19,2,3,Completa,33,8,Tuesday,3,Tomates,Frutas y Verduras,6.54,4041,13.08
1979,2024-08-13,185,21,3,5,Completa,33,8,Tuesday,3,Zanahorias,Frutas y Verduras,3.25,2800,9.75
2316,2024-08-13,197,11,1,4,Completa,33,8,Tuesday,3,Salchicha,Carnicería,11.23,1726,11.23
2329,2024-08-13,145,30,1,5,Pendiente,33,8,Tuesday,3,Vino tinto,Bebidas,13.54,1363,13.54
2796,2024-08-13,94,27,4,3,Completa,33,8,Tuesday,3,Agua mineral,Bebidas,6.21,4978,24.84
2911,2024-08-13,140,22,3,1,Completa,33,8,Tuesday,3,Cebolla,Frutas y Verduras,4.21,3545,12.629999999999999
17,2024-08-14,51,31,3,2,Completa,33,8,Wednesday,3,Galletitas de agua,Galletitas y Snacks,5.24,2771,15.72
521,2024-08-14,140,26,6,4,Completa,33,8,Wednesday,3,Hamburgesas congeladas,Congelados,9.54,1688,57.239999999999995
987,2024-08-14,274,33,5,2,Completa,33,8,Wednesday,3,Papas chips,Galletitas y Snacks,8.54,2837,42.699999999999996
1147,2024-08-14,112,5,6,3,Completa,33,8,Wednesday,3,Manteca,Lácteos,5.65,4929,33.900000000000006
1212,2024-08-14,58,20,5,1,Completa,33,8,Wednesday,3,Lechugas,Frutas y Verduras,4.25,1541,21.25
1318,2024-08-14,219,13,1,4,Completa,33,8,Wednesday,3,Pan integral,Panadería,12.56,2228,12.56
1568,2024-08-14,148,6,2,3,Completa,33,8,Wednesday,3,Asado,Carnicería,28.56,5137,57.12
1675,2024-08-14,304,31,4,4,Completa,33,8,Wednesday,3,Galletitas de agua,Galletitas y Snacks,5.24,2771,20.96
1723,2024-08-14,320,20,3,3,Completa,33,8,Wednesday,3,Lechugas,Frutas y Verduras,4.25,1541,12.75
1745,2024-08-14,294,17,1,5,Completa,33,8,Wednesday,3,Manzanas,Frutas y Verduras,6.54,3383,6.54
1765,2024-08-14,307,24,2,5,Completa,33,8,Wednesday,3,Empanadas,Congelados,13.54,2908,27.08
2382,2024-08-14,326,22,3,1,Completa,33,8,Wednesday,3,Cebolla,Frutas y Verduras,4.21,3545,12.629999999999999
2537,2024-08-14,57,26,2,1,Completa,33,8,Wednesday,3,Hamburgesas congeladas,Congelados,9.54,1688,19.08
2565,2024-08-14,318,19,5,1,Completa,33,8,Wednesday,3,Tomates,Frutas y Verduras,6.54,4041,32.7
2762,2024-08-14,145,27,4,2,Completa,33,8,Wednesday,3,Agua mineral,Bebidas,6.21,4978,24.84
403,2024-08-15,300,35,6,4,Completa,33,8,Thursday,3,Arroz,Conservas,4.25,1437,25.5
413,2024-08-15,137,3,1,2,Completa,33,8,Thursday,3,Queso cremoso,Lácteos,17.23,3167,17.23
1471,2024-08-15,123,25,5,5,Completa,33,8,Thursday,3,Pizza congelada,Congelados,15.45,1640,77.25
1845,2024-08-15,70,26,1,4,Completa,33,8,Thursday,3,Hamburgesas congeladas,Congelados,9.54,1688,9.54
2015,2024-08-15,33,5,5,5,Completa,33,8,Thursday,3,Manteca,Lácteos,5.65,4929,28.25
2348,2024-08-15,138,15,6,1,Completa,33,8,Thursday,3,Medialunas,Panadería,3.51,4043,21.06
2936,2024-08-15,241,25,2,4,Completa,33,8,Thursday,3,Pizza congelada,Congelados,15.45,1640,30.9
129,2024-08-16,25,14,2,3,Completa,33,8,Friday,3,Facturas,Panadería,12.36,3125,24.72
204,2024-08-16,292,6,5,2,Completa,33,8,Friday,3,Asado,Carnicería,28.56,5137,142.79999999999998
276,2024-08-16,103,3,1,5,Pendiente,33,8,Friday,3,Queso cremoso,Lácteos,17.23,3167,17.23
388,2024-08-16,222,31,3,5,Completa,33,8,Friday,3,Galletitas de agua,Galletitas y Snacks,5.24,2771,15.72
540,2024-08-16,26,16,4,3,Completa,33,8,Friday,3,Tortas,Panadería,15.23,3189,60.92
575,2024-08-16,112,6,1,4,Completa,33,8,Friday,3,Asado,Carnicería,28.56,5137,28.56
679,2024-08-16,137,10,2,2,Pendiente,33,8,Friday,3,Costilla de cerdo,Carnicería,14.25,2429,28.5
757,2024-08-16,52,4,6,4,Completa,33,8,Friday,3,Queso rallado,Lácteos,19.23,2099,115.38
1438,2024-08-16,101,16,6,3,Completa,33,8,Friday,3,Tortas,Panadería,15.23,3189,91.38
2130,2024-08-16,286,15,4,3,Completa,33,8,Friday,3,Medialunas,Panadería,3.51,4043,14.04
139,2024-08-17,302,8,4,4,Pendiente,33,8,Saturday,3,Milanesa,Carnicería,16.21,3140,64.84
676,2024-08-17,291,38,6,1,Completa,33,8,Saturday,3,Atún enlatado,Conservas,6.21,2182,37.26
1189,2024-08-17,31,10,5,5,Completa,33,8,Saturday,3,Costilla de cerdo,Carnicería,14.25,2429,71.25
1339,2024-08-17,279,2,3,5,Completa,33,8,Saturday,3,Yogur,Lácteos,5.21,3358,15.629999999999999
1553,2024-08-17,25,8,5,5,Completa,33,8,Saturday,3,Milanesa,Carnicería,16.21,3140,81.05000000000001
1558,2024-08-17,318,23,1,5,Completa,33,8,Saturday,3,Papas fritas,Congelados,8.23,3731,8.23
2622,2024-08-17,27,35,4,5,Completa,33,8,Saturday,3,Arroz,Conservas,4.25,1437,17.0
69,2024-08-18,4,38,3,3,Completa,33,8,Sunday,3,Atún enlatado,Conservas,6.21,2182,18.63
266,2024-08-18,78,2,5,4,Completa,33,8,Sunday,3,Yogur,Lácteos,5.21,3358,26.05
673,2024-08-18,257,12,3,4,Completa,33,8,Sunday,3,Pan francés,Panadería,8.12,1619,24.36
816,2024-08-18,111,8,3,3,Pendiente,33,8,Sunday,3,Milanesa,Carnicería,16.21,3140,48.63
829,2024-08-18,234,20,3,4,Completa,33,8,Sunday,3,Lechugas,Frutas y Verduras,4.25,1541,12.75
1094,2024-08-18,98,36,2,1,Pendiente,33,8,Sunday,3,Lentejas,Conservas,3.25,4578,6.5
1891,2024-08-18,83,32,5,3,Completa,33,8,Sunday,3,Galletitas de chocolate,Galletitas y Snacks,6.25,5057,31.25
2021,2024-08-18,240,37,3,2,Completa,33,8,Sunday,3,Garbanzos,Conservas,3.65,1506,10.95
2056,2024-08-18,320,36,6,4,Pendiente,33,8,Sunday,3,Lentejas,Conservas,3.25,4578,19.5
2556,2024-08-18,162,26,4,1,Completa,33,8,Sunday,3,Hamburgesas congeladas,Congelados,9.54,1688,38.16
633,2024-08-19,121,28,3,4,Completa,34,8,Monday,3,Jugos de frutas,Bebidas,9.45,3637,28.349999999999998
1109,2024-08-19,287,29,1,3,Completa,34,8,Monday,3,Cerveza,Bebidas,11.54,2455,11.54
1122,2024-08-19,313,19,2,4,Pendiente,34,8,Monday,3,Tomates,Frutas y Verduras,6.54,4041,13.08
1458,2024-08-19,73,8,2,2,Completa,34,8,Monday,3,Milanesa,Carnicería,16.21,3140,32.42
1663,2024-08-19,191,2,1,3,Completa,34,8,Monday,3,Yogur,Lácteos,5.21,3358,5.21
1880,2024-08-19,269,29,3,3,Completa,34,8,Monday,3,Cerveza,Bebidas,11.54,2455,34.62
2108,2024-08-19,246,20,2,5,Completa,34,8,Monday,3,Lechugas,Frutas y Verduras,4.25,1541,8.5
2216,2024-08-19,42,32,4,1,Completa,34,8,Monday,3,Galletitas de chocolate,Galletitas y Snacks,6.25,5057,25.0
2454,2024-08-19,218,17,2,3,Pendiente,34,8,Monday,3,Manzanas,Frutas y Verduras,6.54,3383,13.08
1443,2024-08-20,168,1,6,4,Completa,34,8,Tuesday,3,Leche,Lácteos,12.24,3327,73.44
1859,2024-08-20,57,11,6,4,Pendiente,34,8,Tuesday,3,Salchicha,Carnicería,11.23,1726,67.38
2044,2024-08-20,246,8,5,1,Completa,34,8,Tuesday,3,Milanesa,Carnicería,16.21,3140,81.05000000000001
2165,2024-08-20,106,30,6,1,Completa,34,8,Tuesday,3,Vino tinto,Bebidas,13.54,1363,81.24
2415,2024-08-20,108,12,5,4,Completa,34,8,Tuesday,3,Pan francés,Panadería,8.12,1619,40.599999999999994
2701,2024-08-20,169,19,1,4,Completa,34,8,Tuesday,3,Tomates,Frutas y Verduras,6.54,4041,6.54
358,2024-08-21,193,4,6,3,Completa,34,8,Wednesday,3,Queso rallado,Lácteos,19.23,2099,115.38
583,2024-08-21,7,27,3,4,Pendiente,34,8,Wednesday,3,Agua mineral,Bebidas,6.21,4978,18.63
716,2024-08-21,289,29,3,1,Completa,34,8,Wednesday,3,Cerveza,Bebidas,11.54,2455,34.62
994,2024-08-21,102,24,3,3,Completa,34,8,Wednesday,3,Empanadas,Congelados,13.54,2908,40.62
1862,2024-08-21,26,31,2,4,Completa,34,8,Wednesday,3,Galletitas de agua,Galletitas y Snacks,5.24,2771,10.48
2381,2024-08-21,79,5,3,4,Completa,34,8,Wednesday,3,Manteca,Lácteos,5.65,4929,16.950000000000003
2625,2024-08-21,188,35,5,4,Completa,34,8,Wednesday,3,Arroz,Conservas,4.25,1437,21.25
2681,2024-08-21,62,37,2,4,Completa,34,8,Wednesday,3,Garbanzos,Conservas,3.65,1506,7.3
2722,2024-08-21,145,33,1,2,Completa,34,8,Wednesday,3,Papas chips,Galletitas y Snacks,8.54,2837,8.54
2934,2024-08-21,36,31,3,3,Pendiente,34,8,Wednesday,3,Galletitas de agua,Galletitas y Snacks,5.24,2771,15.72
247,2024-08-22,63,32,6,4,Completa,34,8,Thursday,3,Galletitas de chocolate,Galletitas y Snacks,6.25,5057,37.5
346,2024-08-22,92,34,4,4,Completa,34,8,Thursday,3,Maníes,Galletitas y Snacks,5.45,4769,21.8
479,2024-08-22,23,28,4,4,Completa,34,8,Thursday,3,Jugos de frutas,Bebidas,9.45,3637,37.8
498,2024-08-22,299,20,6,3,Completa,34,8,Thursday,3,Lechugas,Frutas y Verduras,4.25,1541,25.5
565,2024-08-22,244,19,1,5,Completa,34,8,Thursday,3,Tomates,Frutas y Verduras,6.54,4041,6.54
725,2024-08-22,234,21,2,3,Completa,34,8,Thursday,3,Zanahorias,Frutas y Verduras,3.25,2800,6.5
1213,2024-08-22,95,26,4,3,Completa,34,8,Thursday,3,Hamburgesas congeladas,Congelados,9.54,1688,38.16
2299,2024-08-22,236,34,6,5,Completa,34,8,Thursday,3,Maníes,Galletitas y Snacks,5.45,4769,32.7
2515,2024-08-22,79,8,1,5,Completa,34,8,Thursday,3,Milanesa,Carnicería,16.21,3140,16.21
2980,2024-08-22,301,14,3,1,Completa,34,8,Thursday,3,Facturas,Panadería,12.36,3125,37.08
136,2024-08-23,258,26,3,4,Completa,34,8,Friday,3,Hamburgesas congeladas,Congelados,9.54,1688,28.619999999999997
1591,2024-08-23,311,20,3,4,Pendiente,34,8,Friday,3,Lechugas,Frutas y Verduras,4.25,1541,12.75
1640,2024-08-23,128,34,3,5,Completa,34,8,Friday,3,Maníes,Galletitas y Snacks,5.45,4769,16.35
1793,2024-08-23,275,6,6,4,Completa,34,8,Friday,3,Asado,Carnicería,28.56,5137,171.35999999999999
2531,2024-08-23,274,35,2,3,Completa,34,8,Friday,3,Arroz,Conservas,4.25,1437,8.5
2839,2024-08-23,54,37,6,3,Completa,34,8,Friday,3,Garbanzos,Conservas,3.65,1506,21.9
2870,2024-08-23,149,18,3,2,Completa,34,8,Friday,3,Bananas,Frutas y Verduras,7.25,4720,21.75
255,2024-08-24,237,22,4,2,Completa,34,8,Saturday,3,Cebolla,Frutas y Verduras,4.21,3545,16.84
732,2024-08-24,155,13,6,1,Completa,34,8,Saturday,3,Pan integral,Panadería,12.56,2228,75.36
926,2024-08-24,55,25,2,5,Completa,34,8,Saturday,3,Pizza congelada,Congelados,15.45,1640,30.9
1061,2024-08-24,320,14,4,4,Completa,34,8,Saturday,3,Facturas,Panadería,12.36,3125,49.44
1981,2024-08-24,70,35,5,1,Completa,34,8,Saturday,3,Arroz,Conservas,4.25,1437,21.25
23,2024-08-25,4,34,6,1,Completa,34,8,Sunday,3,Maníes,Galletitas y Snacks,5.45,4769,32.7
142,2024-08-25,246,21,2,2,Completa,34,8,Sunday,3,Zanahorias,Frutas y Verduras,3.25,2800,6.5
520,2024-08-25,208,33,4,4,Completa,34,8,Sunday,3,Papas chips,Galletitas y Snacks,8.54,2837,34.16
639,2024-08-25,279,29,3,1,Completa,34,8,Sunday,3,Cerveza,Bebidas,11.54,2455,34.62
917,2024-08-25,275,13,6,1,Completa,34,8,Sunday,3,Pan integral,Panadería,12.56,2228,75.36
1049,2024-08-25,263,25,4,4,Completa,34,8,Sunday,3,Pizza congelada,Congelados,15.45,1640,61.8
1245,2024-08-25,316,29,3,3,Completa,34,8,Sunday,3,Cerveza,Bebidas,11.54,2455,34.62
1310,2024-08-25,179,23,6,2,Completa,34,8,Sunday,3,Papas fritas,Congelados,8.23,3731,49.38
1381,2024-08-25,161,20,3,2,Completa,34,8,Sunday,3,Lechugas,Frutas y Verduras,4.25,1541,12.75
2424,2024-08-25,61,14,3,3,Completa,34,8,Sunday,3,Facturas,Panadería,12.36,3125,37.08
2677,2024-08-25,118,33,2,5,Completa,34,8,Sunday,3,Papas chips,Galletitas y Snacks,8.54,2837,17.08
508,2024-08-26,14,32,3,4,Completa,35,8,Monday,3,Galletitas de chocolate,Galletitas y Snacks,6.25,5057,18.75
640,2024-08-26,316,28,1,3,Completa,35,8,Monday,3,Jugos de frutas,Bebidas,9.45,3637,9.45
719,2024-08-26,148,17,6,5,Completa,35,8,Monday,3,Manzanas,Frutas y Verduras,6.54,3383,39.24
1257,2024-08-26,15,6,4,5,Completa,35,8,Monday,3,Asado,Carnicería,28.56,5137,114.24
1419,2024-08-26,278,22,3,1,Completa,35,8,Monday,3,Cebolla,Frutas y Verduras,4.21,3545,12.629999999999999
1486,2024-08-26,313,5,3,1,Completa,35,8,Monday,3,Manteca,Lácteos,5.65,4929,16.950000000000003
2166,2024-08-26,153,36,3,5,Completa,35,8,Monday,3,Lentejas,Conservas,3.25,4578,9.75
2664,2024-08-26,284,8,6,5,Completa,35,8,Monday,3,Milanesa,Carnicería,16.21,3140,97.26
2697,2024-08-26,218,24,5,4,Completa,35,8,Monday,3,Empanadas,Congelados,13.54,2908,67.69999999999999
206,2024-08-27,96,30,5,4,Completa,35,8,Tuesday,3,Vino tinto,Bebidas,13.54,1363,67.69999999999999
869,2024-08-27,111,20,2,1,Completa,35,8,Tuesday,3,Lechugas,Frutas y Verduras,4.25,1541,8.5
888,2024-08-27,90,6,3,3,Completa,35,8,Tuesday,3,Asado,Carnicería,28.56,5137,85.67999999999999
903,2024-08-27,257,5,5,5,Completa,35,8,Tuesday,3,Manteca,Lácteos,5.65,4929,28.25
2915,2024-08-27,187,37,2,3,Completa,35,8,Tuesday,3,Garbanzos,Conservas,3.65,1506,7.3
1,2024-08-28,298,17,1,3,Completa,35,8,Wednesday,3,Manzanas,Frutas y Verduras,6.54,3383,6.54
1053,2024-08-28,23,2,3,1,Completa,35,8,Wednesday,3,Yogur,Lácteos,5.21,3358,15.629999999999999
2688,2024-08-28,74,15,2,5,Completa,35,8,Wednesday,3,Medialunas,Panadería,3.51,4043,7.02
601,2024-08-29,193,25,6,5,Completa,35,8,Thursday,3,Pizza congelada,Congelados,15.45,1640,92.69999999999999
670,2024-08-29,80,7,3,2,Completa,35,8,Thursday,3,Chorizo,Carnicería,11.25,4068,33.75
729,2024-08-29,288,11,3,1,Completa,35,8,Thursday,3,Salchicha,Carnicería,11.23,1726,33.69
943,2024-08-29,56,5,6,3,Completa,35,8,Thursday,3,Manteca,Lácteos,5.65,4929,33.900000000000006
984,2024-08-29,121,6,5,4,Completa,35,8,Thursday,3,Asado,Carnicería,28.56,5137,142.79999999999998
1055,2024-08-29,229,34,5,1,Completa,35,8,Thursday,3,Maníes,Galletitas y Snacks,5.45,4769,27.25
1208,2024-08-29,306,14,4,3,Completa,35,8,Thursday,3,Facturas,Panadería,12.36,3125,49.44
2053,2024-08-29,178,30,1,2,Completa,35,8,Thursday,3,Vino tinto,Bebidas,13.54,1363,13.54
2429,2024-08-29,89,23,3,1,Completa,35,8,Thursday,3,Papas fritas,Congelados,8.23,3731,24.69
2693,2024-08-29,133,33,4,2,Pendiente,35,8,Thursday,3,Papas chips,Galletitas y Snacks,8.54,2837,34.16
2862,2024-08-29,233,25,3,4,Pendiente,35,8,Thursday,3,Pizza congelada,Congelados,15.45,1640,46.349999999999994
324,2024-08-30,206,3,3,4,Completa,35,8,Friday,3,Queso cremoso,Lácteos,17.23,3167,51.69
1333,2024-08-30,132,28,2,2,Completa,35,8,Friday,3,Jugos de frutas,Bebidas,9.45,3637,18.9
1597,2024-08-30,281,33,2,5,Completa,35,8,Friday,3,Papas chips,Galletitas y Snacks,8.54,2837,17.08
1956,2024-08-30,1,36,3,3,Completa,35,8,Friday,3,Lentejas,Conservas,3.25,4578,9.75
2295,2024-08-30,252,34,2,5,Completa,35,8,Friday,3,Maníes,Galletitas y Snacks,5.45,4769,10.9
526,2024-08-31,321,32,4,4,Completa,35,8,Saturday,3,Galletitas de chocolate,Galletitas y Snacks,6.25,5057,25.0
665,2024-08-31,151,10,5,4,Completa,35,8,Saturday,3,Costilla de cerdo,Carnicería,14.25,2429,71.25
1326,2024-08-31,307,34,5,4,Completa,35,8,Saturday,3,Maníes,Galletitas y Snacks,5.45,4769,27.25
1908,2024-08-31,199,3,2,3,Completa,35,8,Saturday,3,Queso cremoso,Lácteos,17.23,3167,34.46
2197,2024-08-31,151,36,1,1,Completa,35,8,Saturday,3,Lentejas,Conservas,3.25,4578,3.25
2713,2024-08-31,176,34,3,3,Completa,35,8,Saturday,3,Maníes,Galletitas y Snacks,5.45,4769,16.35
2923,2024-08-31,214,10,6,1,Completa,35,8,Saturday,3,Costilla de cerdo,Carnicería,14.25,2429,85.5
2965,2024-08-31,183,37,4,3,Completa,35,8,Saturday,3,Garbanzos,Conservas,3.65,1506,14.6
46,2024-09-01,207,10,1,4,Completa,35,9,Sunday,3,Costilla de cerdo,Carnicería,14.25,2429,14.25
203,2024-09-01,322,31,6,3,Completa,35,9,Sunday,3,Galletitas de agua,Galletitas y Snacks,5.24,2771,31.44
493,2024-09-01,273,8,3,5,Pendiente,35,9,Sunday,3,Milanesa,Carnicería,16.21,3140,48.63
632,2024-09-01,50,36,5,5,Completa,35,9,Sunday,3,Lentejas,Conservas,3.25,4578,16.25
1300,2024-09-01,201,25,5,4,Completa,35,9,Sunday,3,Pizza congelada,Congelados,15.45,1640,77.25
1763,2024-09-01,182,35,3,2,Completa,35,9,Sunday,3,Arroz,Conservas,4.25,1437,12.75
1964,2024-09-01,319,29,1,5,Completa,35,9,Sunday,3,Cerveza,Bebidas,11.54,2455,11.54
2141,2024-09-01,188,16,4,1,Completa,35,9,Sunday,3,Tortas,Panadería,15.23,3189,60.92
2226,2024-09-01,122,8,6,4,Completa,35,9,Sunday,3,Milanesa,Carnicería,16.21,3140,97.26
2745,2024-09-01,114,9,3,2,Completa,35,9,Sunday,3,Pollo,Carnicería,18.56,4051,55.67999999999999
2823,2024-09-01,91,32,6,5,Pendiente,35,9,Sunday,3,Galletitas de chocolate,Galletitas y Snacks,6.25,5057,37.5
154,2024-09-02,164,16,2,5,Completa,36,9,Monday,3,Tortas,Panadería,15.23,3189,30.46
348,2024-09-02,248,9,4,4,Completa,36,9,Monday,3,Pollo,Carnicería,18.56,4051,74.24
518,2024-09-02,314,16,3,2,Pendiente,36,9,Monday,3,Tortas,Panadería,15.23,3189,45.69
587,2024-09-02,317,20,5,1,Completa,36,9,Monday,3,Lechugas,Frutas y Verduras,4.25,1541,21.25
702,2024-09-02,308,25,2,1,Completa,36,9,Monday,3,Pizza congelada,Congelados,15.45,1640,30.9
810,2024-09-02,40,24,6,4,Completa,36,9,Monday,3,Empanadas,Congelados,13.54,2908,81.24
931,2024-09-02,179,29,4,1,Completa,36,9,Monday,3,Cerveza,Bebidas,11.54,2455,46.16
1203,2024-09-02,257,38,5,5,Completa,36,9,Monday,3,Atún enlatado,Conservas,6.21,2182,31.05
1789,2024-09-02,115,30,5,1,Completa,36,9,Monday,3,Vino tinto,Bebidas,13.54,1363,67.69999999999999
2288,2024-09-02,252,16,4,4,Completa,36,9,Monday,3,Tortas,Panadería,15.23,3189,60.92
624,2024-09-03,297,36,1,5,Completa,36,9,Tuesday,3,Lentejas,Conservas,3.25,4578,3.25
738,2024-09-03,59,36,4,5,Completa,36,9,Tuesday,3,Lentejas,Conservas,3.25,4578,13.0
998,2024-09-03,152,25,5,3,Completa,36,9,Tuesday,3,Pizza congelada,Congelados,15.45,1640,77.25
1584,2024-09-03,194,31,2,2,Completa,36,9,Tuesday,3,Galletitas de agua,Galletitas y Snacks,5.24,2771,10.48
2032,2024-09-03,100,38,4,4,Completa,36,9,Tuesday,3,Atún enlatado,Conservas,6.21,2182,24.84
2252,2024-09-03,206,31,3,4,Completa,36,9,Tuesday,3,Galletitas de agua,Galletitas y Snacks,5.24,2771,15.72
52,2024-09-04,50,16,6,4,Completa,36,9,Wednesday,3,Tortas,Panadería,15.23,3189,91.38
205,2024-09-04,303,2,3,5,Completa,36,9,Wednesday,3,Yogur,Lácteos,5.21,3358,15.629999999999999
385,2024-09-04,257,19,2,3,Completa,36,9,Wednesday,3,Tomates,Frutas y Verduras,6.54,4041,13.08
535,2024-09-04,167,14,3,1,Completa,36,9,Wednesday,3,Facturas,Panadería,12.36,3125,37.08
1039,2024-09-04,314,22,1,4,Completa,36,9,Wednesday,3,Cebolla,Frutas y Verduras,4.21,3545,4.21
1042,2024-09-04,257,8,2,4,Completa,36,9,Wednesday,3,Milanesa,Carnicería,16.21,3140,32.42
1429,2024-09-04,23,26,2,5,Pendiente,36,9,Wednesday,3,Hamburgesas congeladas,Congelados,9.54,1688,19.08
1430,2024-09-04,302,19,3,1,Completa,36,9,Wednesday,3,Tomates,Frutas y Verduras,6.54,4041,19.62
2538,2024-09-04,141,30,5,3,Completa,36,9,Wednesday,3,Vino tinto,Bebidas,13.54,1363,67.69999999999999
147,2024-09-05,213,32,6,5,Completa,36,9,Thursday,3,Galletitas de chocolate,Galletitas y Snacks,6.25,5057,37.5
476,2024-09-05,209,38,5,2,Completa,36,9,Thursday,3,Atún enlatado,Conservas,6.21,2182,31.05
1134,2024-09-05,138,30,2,4,Pendiente,36,9,Thursday,3,Vino tinto,Bebidas,13.54,1363,27.08
1550,2024-09-05,125,6,4,1,Completa,36,9,Thursday,3,Asado,Carnicería,28.56,5137,114.24
2530,2024-09-05,218,4,1,4,Completa,36,9,Thursday,3,Queso rallado,Lácteos,19.23,2099,19.23
5,2024-09-06,188,4,4,4,Completa,36,9,Friday,3,Queso rallado,Lácteos,19.23,2099,76.92
320,2024-09-06,93,38,3,3,Completa,36,9,Friday,3,Atún enlatado,Conservas,6.21,2182,18.63
862,2024-09-06,284,17,5,4,Completa,36,9,Friday,3,Manzanas,Frutas y Verduras,6.54,3383,32.7
1526,2024-09-06,229,19,5,3,Completa,36,9,Friday,3,Tomates,Frutas y Verduras,6.54,4041,32.7
2025,2024-09-06,59,4,1,1,Completa,36,9,Friday,3,Queso rallado,Lácteos,19.23,2099,19.23
2607,2024-09-06,214,38,1,1,Completa,36,9,Friday,3,Atún enlatado,Conservas,6.21,2182,6.21
2612,2024-09-06,165,20,4,1,Completa,36,9,Friday,3,Lechugas,Frutas y Verduras,4.25,1541,17.0
2714,2024-09-06,21,1,2,3,Completa,36,9,Friday,3,Leche,Lácteos,12.24,3327,24.48
252,2024-09-07,222,23,3,3,Completa,36,9,Saturday,3,Papas fritas,Congelados,8.23,3731,24.69
299,2024-09-07,60,28,2,1,Pendiente,36,9,Saturday,3,Jugos de frutas,Bebidas,9.45,3637,18.9
615,2024-09-07,205,17,4,1,Completa,36,9,Saturday,3,Manzanas,Frutas y Verduras,6.54,3383,26.16
811,2024-09-07,52,13,3,5,Completa,36,9,Saturday,3,Pan integral,Panadería,12.56,2228,37.68
882,2024-09-07,288,32,5,2,Completa,36,9,Saturday,3,Galletitas de chocolate,Galletitas y Snacks,6.25,5057,31.25
927,2024-09-07,242,21,3,4,Completa,36,9,Saturday,3,Zanahorias,Frutas y Verduras,3.25,2800,9.75
2075,2024-09-07,245,11,5,2,Pendiente,36,9,Saturday,3,Salchicha,Carnicería,11.23,1726,56.150000000000006
2455,2024-09-07,316,6,5,5,Pendiente,36,9,Saturday,3,Asado,Carnicería,28.56,5137,142.79999999999998
2459,2024-09-07,61,33,6,1,Completa,36,9,Saturday,3,Papas chips,Galletitas y Snacks,8.54,2837,51.239999999999995
83,2024-09-08,187,2,6,4,Completa,36,9,Sunday,3,Yogur,Lácteos,5.21,3358,31.259999999999998
442,2024-09-08,48,34,3,5,Completa,36,9,Sunday,3,Maníes,Galletitas y Snacks,5.45,4769,16.35
527,2024-09-08,13,10,6,3,Completa,36,9,Sunday,3,Costilla de cerdo,Carnicería,14.25,2429,85.5
761,2024-09-08,16,34,6,5,Completa,36,9,Sunday,3,Maníes,Galletitas y Snacks,5.45,4769,32.7
1252,2024-09-08,50,36,3,5,Pendiente,36,9,Sunday,3,Lentejas,Conservas,3.25,4578,9.75
1371,2024-09-08,72,15,6,3,Completa,36,9,Sunday,3,Medialunas,Panadería,3.51,4043,21.06
2200,2024-09-08,115,28,1,1,Completa,36,9,Sunday,3,Jugos de frutas,Bebidas,9.45,3637,9.45
2592,2024-09-08,98,8,5,5,Completa,36,9,Sunday,3,Milanesa,Carnicería,16.21,3140,81.05000000000001
322,2024-09-09,97,9,6,5,Completa,37,9,Monday,3,Pollo,Carnicería,18.56,4051,111.35999999999999
402,2024-09-09,45,25,1,5,Completa,37,9,Monday,3,Pizza congelada,Congelados,15.45,1640,15.45
582,2024-09-09,266,21,3,5,Completa,37,9,Monday,3,Zanahorias,Frutas y Verduras,3.25,2800,9.75
1821,2024-09-09,143,16,1,4,Completa,37,9,Monday,3,Tortas,Panadería,15.23,3189,15.23
726,2024-09-10,161,32,2,4,Completa,37,9,Tuesday,3,Galletitas de chocolate,Galletitas y Snacks,6.25,5057,12.5
2359,2024-09-10,230,35,1,4,Pendiente,37,9,Tuesday,3,Arroz,Conservas,4.25,1437,4.25
2744,2024-09-10,301,36,3,4,Completa,37,9,Tuesday,3,Lentejas,Conservas,3.25,4578,9.75
1649,2024-09-11,189,37,2,4,Completa,37,9,Wednesday,3,Garbanzos,Conservas,3.65,1506,7.3
1854,2024-09-11,303,4,5,4,Completa,37,9,Wednesday,3,Queso rallado,Lácteos,19.23,2099,96.15
2220,2024-09-11,317,26,3,5,Completa,37,9,Wednesday,3,Hamburgesas congeladas,Congelados,9.54,1688,28.619999999999997
2489,2024-09-11,266,34,3,5,Completa,37,9,Wednesday,3,Maníes,Galletitas y Snacks,5.45,4769,16.35
2649,2024-09-11,294,28,1,4,Pendiente,37,9,Wednesday,3,Jugos de frutas,Bebidas,9.45,3637,9.45
2809,2024-09-11,276,8,5,5,Pendiente,37,9,Wednesday,3,Milanesa,Carnicería,16.21,3140,81.05000000000001
2878,2024-09-11,180,27,4,4,Completa,37,9,Wednesday,3,Agua mineral,Bebidas,6.21,4978,24.84
958,2024-09-12,80,11,3,3,Completa,37,9,Thursday,3,Salchicha,Carnicería,11.23,1726,33.69
1466,2024-09-12,215,17,1,1,Completa,37,9,Thursday,3,Manzanas,Frutas y Verduras,6.54,3383,6.54
2106,2024-09-12,135,14,2,1,Completa,37,9,Thursday,3,Facturas,Panadería,12.36,3125,24.72
2192,2024-09-12,167,26,6,4,Completa,37,9,Thursday,3,Hamburgesas congeladas,Congelados,9.54,1688,57.239999999999995
2708,2024-09-12,233,29,5,3,Completa,37,9,Thursday,3,Cerveza,Bebidas,11.54,2455,57.699999999999996
1132,2024-09-13,88,22,1,4,Completa,37,9,Friday,3,Cebolla,Frutas y Verduras,4.21,3545,4.21
1442,2024-09-13,4,17,4,2,Completa,37,9,Friday,3,Manzanas,Frutas y Verduras,6.54,3383,26.16
2154,2024-09-13,212,25,6,4,Completa,37,9,Friday,3,Pizza congelada,Congelados,15.45,1640,92.69999999999999
1272,2024-09-14,187,12,2,2,Pendiente,37,9,Saturday,3,Pan francés,Panadería,8.12,1619,16.24
1380,2024-09-14,126,22,2,1,Completa,37,9,Saturday,3,Cebolla,Frutas y Verduras,4.21,3545,8.42
1762,2024-09-14,71,29,2,4,Completa,37,9,Saturday,3,Cerveza,Bebidas,11.54,2455,23.08
1829,2024-09-14,207,23,2,4,Completa,37,9,Saturday,3,Papas fritas,Congelados,8.23,3731,16.46
2944,2024-09-14,22,21,3,5,Pendiente,37,9,Saturday,3,Zanahorias,Frutas y Verduras,3.25,2800,9.75
2992,2024-09-14,311,30,2,4,Completa,37,9,Saturday,3,Vino tinto,Bebidas,13.54,1363,27.08
522,2024-09-15,58,26,4,2,Completa,37,9,Sunday,3,Hamburgesas congeladas,Congelados,9.54,1688,38.16
596,2024-09-15,169,1,5,5,Completa,37,9,Sunday,3,Leche,Lácteos,12.24,3327,61.2
634,2024-09-15,14,8,5,1,Completa,37,9,Sunday,3,Milanesa,Carnicería,16.21,3140,81.05000000000001
1183,2024-09-15,289,16,4,1,Completa,37,9,Sunday,3,Tortas,Panadería,15.23,3189,60.92
2798,2024-09-15,185,32,4,3,Completa,37,9,Sunday,3,Galletitas de chocolate,Galletitas y Snacks,6.25,5057,25.0
26,2024-09-16,286,23,2,5,Completa,38,9,Monday,3,Papas fritas,Congelados,8.23,3731,16.46
561,2024-09-16,9,38,6,4,Completa,38,9,Monday,3,Atún enlatado,Conservas,6.21,2182,37.26
1230,2024-09-16,197,2,6,5,Cancelada,38,9,Monday,3,Yogur,Lácteos,5.21,3358,31.259999999999998
1484,2024-09-16,171,3,6,3,Completa,38,9,Monday,3,Queso cremoso,Lácteos,17.23,3167,103.38
2286,2024-09-16,307,22,6,4,Completa,38,9,Monday,3,Cebolla,Frutas y Verduras,4.21,3545,25.259999999999998
2667,2024-09-16,315,26,2,5,Pendiente,38,9,Monday,3,Hamburgesas congeladas,Congelados,9.54,1688,19.08
2941,2024-09-16,85,38,5,3,Completa,38,9,Monday,3,Atún enlatado,Conservas,6.21,2182,31.05
499,2024-09-17,197,2,1,1,Completa,38,9,Tuesday,3,Yogur,Lácteos,5.21,3358,5.21
576,2024-09-17,30,27,5,1,Completa,38,9,Tuesday,3,Agua mineral,Bebidas,6.21,4978,31.05
934,2024-09-17,213,26,5,4,Completa,38,9,Tuesday,3,Hamburgesas congeladas,Congelados,9.54,1688,47.699999999999996
1306,2024-09-17,168,23,2,5,Completa,38,9,Tuesday,3,Papas fritas,Congelados,8.23,3731,16.46
1346,2024-09-17,278,3,5,1,Completa,38,9,Tuesday,3,Queso cremoso,Lácteos,17.23,3167,86.15
2013,2024-09-17,84,2,3,3,Completa,38,9,Tuesday,3,Yogur,Lácteos,5.21,3358,15.629999999999999
2199,2024-09-17,325,13,4,3,Completa,38,9,Tuesday,3,Pan integral,Panadería,12.56,2228,50.24
2208,2024-09-17,324,17,5,5,Completa,38,9,Tuesday,3,Manzanas,Frutas y Verduras,6.54,3383,32.7
2223,2024-09-17,219,6,5,1,Completa,38,9,Tuesday,3,Asado,Carnicería,28.56,5137,142.79999999999998
2651,2024-09-17,272,21,4,5,Completa,38,9,Tuesday,3,Zanahorias,Frutas y Verduras,3.25,2800,13.0
71,2024-09-18,79,3,1,5,Completa,38,9,Wednesday,3,Queso cremoso,Lácteos,17.23,3167,17.23
165,2024-09-18,173,8,3,4,Completa,38,9,Wednesday,3,Milanesa,Carnicería,16.21,3140,48.63
304,2024-09-18,309,5,6,5,Completa,38,9,Wednesday,3,Manteca,Lácteos,5.65,4929,33.900000000000006
946,2024-09-18,313,34,4,4,Completa,38,9,Wednesday,3,Maníes,Galletitas y Snacks,5.45,4769,21.8
1082,2024-09-18,282,33,6,4,Completa,38,9,Wednesday,3,Papas chips,Galletitas y Snacks,8.54,2837,51.239999999999995
1382,2024-09-18,318,23,2,1,Pendiente,38,9,Wednesday,3,Papas fritas,Congelados,8.23,3731,16.46
1582,2024-09-18,245,16,1,2,Completa,38,9,Wednesday,3,Tortas,Panadería,15.23,3189,15.23
1614,2024-09-18,60,37,1,1,Completa,38,9,Wednesday,3,Garbanzos,Conservas,3.65,1506,3.65
1801,2024-09-18,46,33,1,5,Pendiente,38,9,Wednesday,3,Papas chips,Galletitas y Snacks,8.54,2837,8.54
1810,2024-09-18,72,35,4,5,Completa,38,9,Wednesday,3,Arroz,Conservas,4.25,1437,17.0
2095,2024-09-18,36,36,6,2,Completa,38,9,Wednesday,3,Lentejas,Conservas,3.25,4578,19.5
2793,2024-09-18,205,16,2,5,Pendiente,38,9,Wednesday,3,Tortas,Panadería,15.23,3189,30.46
186,2024-09-19,204,12,1,2,Completa,38,9,Thursday,3,Pan francés,Panadería,8.12,1619,8.12
373,2024-09-19,41,26,3,4,Completa,38,9,Thursday,3,Hamburgesas congeladas,Congelados,9.54,1688,28.619999999999997
892,2024-09-19,214,37,2,5,Completa,38,9,Thursday,3,Garbanzos,Conservas,3.65,1506,7.3
1089,2024-09-19,73,8,4,4,Completa,38,9,Thursday,3,Milanesa,Carnicería,16.21,3140,64.84
1289,2024-09-19,50,28,4,4,Completa,38,9,Thursday,3,Jugos de frutas,Bebidas,9.45,3637,37.8
1366,2024-09-19,185,35,1,4,Completa,38,9,Thursday,3,Arroz,Conservas,4.25,1437,4.25
1599,2024-09-19,144,5,3,3,Completa,38,9,Thursday,3,Manteca,Lácteos,5.65,4929,16.950000000000003
1963,2024-09-19,99,12,1,5,Completa,38,9,Thursday,3,Pan francés,Panadería,8.12,1619,8.12
2988,2024-09-19,152,30,2,1,Completa,38,9,Thursday,3,Vino tinto,Bebidas,13.54,1363,27.08
832,2024-09-20,100,21,6,3,Completa,38,9,Friday,3,Zanahorias,Frutas y Verduras,3.25,2800,19.5
899,2024-09-20,32,27,6,2,Completa,38,9,Friday,3,Agua mineral,Bebidas,6.21,4978,37.26
1477,2024-09-20,170,7,4,2,Completa,38,9,Friday,3,Chorizo,Carnicería,11.25,4068,45.0
1495,2024-09-20,142,18,2,3,Completa,38,9,Friday,3,Bananas,Frutas y Verduras,7.25,4720,14.5
1929,2024-09-20,252,31,5,3,Completa,38,9,Friday,3,Galletitas de agua,Galletitas y Snacks,5.24,2771,26.200000000000003
2508,2024-09-20,225,31,2,5,Completa,38,9,Friday,3,Galletitas de agua,Galletitas y Snacks,5.24,2771,10.48
2895,2024-09-20,41,13,1,5,Completa,38,9,Friday,3,Pan integral,Panadería,12.56,2228,12.56
552,2024-09-21,286,17,1,4,Completa,38,9,Saturday,3,Manzanas,Frutas y Verduras,6.54,3383,6.54
720,2024-09-21,180,10,3,3,Completa,38,9,Saturday,3,Costilla de cerdo,Carnicería,14.25,2429,42.75
1197,2024-09-21,323,2,3,4,Completa,38,9,Saturday,3,Yogur,Lácteos,5.21,3358,15.629999999999999
1259,2024-09-21,307,2,6,2,Completa,38,9,Saturday,3,Yogur,Lácteos,5.21,3358,31.259999999999998
1265,2024-09-21,94,6,2,3,Completa,38,9,Saturday,3,Asado,Carnicería,28.56,5137,57.12
1302,2024-09-21,241,34,3,1,Completa,38,9,Saturday,3,Maníes,Galletitas y Snacks,5.45,4769,16.35
1712,2024-09-21,92,11,6,1,Completa,38,9,Saturday,3,Salchicha,Carnicería,11.23,1726,67.38
1909,2024-09-21,272,17,6,5,Pendiente,38,9,Saturday,3,Manzanas,Frutas y Verduras,6.54,3383,39.24
2069,2024-09-21,243,37,5,4,Completa,38,9,Saturday,3,Garbanzos,Conservas,3.65,1506,18.25
2406,2024-09-21,152,6,1,4,Completa,38,9,Saturday,3,Asado,Carnicería,28.56,5137,28.56
2647,2024-09-21,83,23,6,5,Completa,38,9,Saturday,3,Papas fritas,Congelados,8.23,3731,49.38
2673,2024-09-21,44,33,2,2,Completa,38,9,Saturday,3,Papas chips,Galletitas y Snacks,8.54,2837,17.08
2738,2024-09-21,70,37,3,3,Completa,38,9,Saturday,3,Garbanzos,Conservas,3.65,1506,10.95
2972,2024-09-21,74,32,3,1,Completa,38,9,Saturday,3,Galletitas de chocolate,Galletitas y Snacks,6.25,5057,18.75
292,2024-09-22,221,26,6,4,Completa,38,9,Sunday,3,Hamburgesas congeladas,Congelados,9.54,1688,57.239999999999995
654,2024-09-22,174,30,6,1,Completa,38,9,Sunday,3,Vino tinto,Bebidas,13.54,1363,81.24
855,2024-09-22,35,8,2,3,Completa,38,9,Sunday,3,Milanesa,Carnicería,16.21,3140,32.42
1144,2024-09-22,106,21,1,4,Completa,38,9,Sunday,3,Zanahorias,Frutas y Verduras,3.25,2800,3.25
1172,2024-09-22,164,13,1,5,Completa,38,9,Sunday,3,Pan integral,Panadería,12.56,2228,12.56
1373,2024-09-22,192,11,1,5,Completa,38,9,Sunday,3,Salchicha,Carnicería,11.23,1726,11.23
2365,2024-09-22,95,37,3,4,Completa,38,9,Sunday,3,Garbanzos,Conservas,3.65,1506,10.95
2457,2024-09-22,234,3,3,4,Completa,38,9,Sunday,3,Queso cremoso,Lácteos,17.23,3167,51.69
2774,2024-09-22,31,6,2,5,Pendiente,38,9,Sunday,3,Asado,Carnicería,28.56,5137,57.12
2783,2024-09-22,61,10,5,1,Completa,38,9,Sunday,3,Costilla de cerdo,Carnicería,14.25,2429,71.25
2968,2024-09-22,245,29,2,1,Completa,38,9,Sunday,3,Cerveza,Bebidas,11.54,2455,23.08
156,2024-09-23,145,4,6,3,Completa,39,9,Monday,3,Queso rallado,Lácteos,19.23,2099,115.38
463,2024-09-23,280,32,4,2,Completa,39,9,Monday,3,Galletitas de chocolate,Galletitas y Snacks,6.25,5057,25.0
470,2024-09-23,62,12,4,3,Pendiente,39,9,Monday,3,Pan francés,Panadería,8.12,1619,32.48
534,2024-09-23,56,1,5,1,Completa,39,9,Monday,3,Leche,Lácteos,12.24,3327,61.2
568,2024-09-23,230,31,3,1,Completa,39,9,Monday,3,Galletitas de agua,Galletitas y Snacks,5.24,2771,15.72
1180,2024-09-23,256,10,1,5,Pendiente,39,9,Monday,3,Costilla de cerdo,Carnicería,14.25,2429,14.25
1340,2024-09-23,8,3,3,5,Completa,39,9,Monday,3,Queso cremoso,Lácteos,17.23,3167,51.69
2620,2024-09-23,29,22,2,5,Completa,39,9,Monday,3,Cebolla,Frutas y Verduras,4.21,3545,8.42
25,2024-09-24,275,34,3,3,Completa,39,9,Tuesday,3,Maníes,Galletitas y Snacks,5.45,4769,16.35
368,2024-09-24,276,32,2,3,Pendiente,39,9,Tuesday,3,Galletitas de chocolate,Galletitas y Snacks,6.25,5057,12.5
462,2024-09-24,100,32,5,4,Completa,39,9,Tuesday,3,Galletitas de chocolate,Galletitas y Snacks,6.25,5057,31.25
637,2024-09-24,176,33,6,5,Completa,39,9,Tuesday,3,Papas chips,Galletitas y Snacks,8.54,2837,51.239999999999995
1402,2024-09-24,31,35,1,4,Completa,39,9,Tuesday,3,Arroz,Conservas,4.25,1437,4.25
2377,2024-09-24,224,26,5,4,Completa,39,9,Tuesday,3,Hamburgesas congeladas,Congelados,9.54,1688,47.699999999999996
2735,2024-09-24,3,36,2,4,Pendiente,39,9,Tuesday,3,Lentejas,Conservas,3.25,4578,6.5
273,2024-09-25,130,4,4,5,Completa,39,9,Wednesday,3,Queso rallado,Lácteos,19.23,2099,76.92
478,2024-09-25,108,31,1,4,Completa,39,9,Wednesday,3,Galletitas de agua,Galletitas y Snacks,5.24,2771,5.24
635,2024-09-25,261,5,2,1,Completa,39,9,Wednesday,3,Manteca,Lácteos,5.65,4929,11.3
805,2024-09-25,270,26,2,3,Completa,39,9,Wednesday,3,Hamburgesas congeladas,Congelados,9.54,1688,19.08
878,2024-09-25,153,26,2,1,Completa,39,9,Wednesday,3,Hamburgesas congeladas,Congelados,9.54,1688,19.08
1072,2024-09-25,155,28,2,4,Completa,39,9,Wednesday,3,Jugos de frutas,Bebidas,9.45,3637,18.9
1204,2024-09-25,280,33,1,4,Completa,39,9,Wednesday,3,Papas chips,Galletitas y Snacks,8.54,2837,8.54
1555,2024-09-25,9,25,2,2,Completa,39,9,Wednesday,3,Pizza congelada,Congelados,15.45,1640,30.9
1949,2024-09-25,223,1,3,1,Completa,39,9,Wednesday,3,Leche,Lácteos,12.24,3327,36.72
1992,2024-09-25,266,29,6,4,Completa,39,9,Wednesday,3,Cerveza,Bebidas,11.54,2455,69.24
2513,2024-09-25,290,18,1,1,Completa,39,9,Wednesday,3,Bananas,Frutas y Verduras,7.25,4720,7.25
2576,2024-09-25,214,15,2,3,Pendiente,39,9,Wednesday,3,Medialunas,Panadería,3.51,4043,7.02
2650,2024-09-25,48,26,2,2,Pendiente,39,9,Wednesday,3,Hamburgesas congeladas,Congelados,9.54,1688,19.08
2682,2024-09-25,8,17,5,4,Completa,39,9,Wednesday,3,Manzanas,Frutas y Verduras,6.54,3383,32.7
2833,2024-09-25,202,36,5,1,Completa,39,9,Wednesday,3,Lentejas,Conservas,3.25,4578,16.25
4,2024-09-26,111,37,5,4,Completa,39,9,Thursday,3,Garbanzos,Conservas,3.65,1506,18.25
224,2024-09-26,294,10,5,4,Completa,39,9,Thursday,3,Costilla de cerdo,Carnicería,14.25,2429,71.25
296,2024-09-26,279,10,6,5,Pendiente,39,9,Thursday,3,Costilla de cerdo,Carnicería,14.25,2429,85.5
604,2024-09-26,321,6,3,4,Completa,39,9,Thursday,3,Asado,Carnicería,28.56,5137,85.67999999999999
1092,2024-09-26,232,9,1,1,Completa,39,9,Thursday,3,Pollo,Carnicería,18.56,4051,18.56
1567,2024-09-26,147,15,4,4,Completa,39,9,Thursday,3,Medialunas,Panadería,3.51,4043,14.04
2707,2024-09-26,244,23,1,5,Completa,39,9,Thursday,3,Papas fritas,Congelados,8.23,3731,8.23
2711,2024-09-26,309,5,4,1,Completa,39,9,Thursday,3,Manteca,Lácteos,5.65,4929,22.6
2819,2024-09-26,6,25,1,2,Completa,39,9,Thursday,3,Pizza congelada,Congelados,15.45,1640,15.45
56,2024-09-27,91,20,6,3,Completa,39,9,Friday,3,Lechugas,Frutas y Verduras,4.25,1541,25.5
112,2024-09-27,3,31,1,3,Completa,39,9,Friday,3,Galletitas de agua,Galletitas y Snacks,5.24,2771,5.24
150,2024-09-27,133,6,3,4,Completa,39,9,Friday,3,Asado,Carnicería,28.56,5137,85.67999999999999
451,2024-09-27,290,7,3,4,Completa,39,9,Friday,3,Chorizo,Carnicería,11.25,4068,33.75
647,2024-09-27,286,19,5,1,Completa,39,9,Friday,3,Tomates,Frutas y Verduras,6.54,4041,32.7
697,2024-09-27,21,19,6,2,Completa,39,9,Friday,3,Tomates,Frutas y Verduras,6.54,4041,39.24
736,2024-09-27,325,5,6,5,Completa,39,9,Friday,3,Manteca,Lácteos,5.65,4929,33.900000000000006
1523,2024-09-27,79,30,3,4,Completa,39,9,Friday,3,Vino tinto,Bebidas,13.54,1363,40.62
1670,2024-09-27,95,4,5,3,Completa,39,9,Friday,3,Queso rallado,Lácteos,19.23,2099,96.15
1925,2024-09-27,101,10,4,1,Completa,39,9,Friday,3,Costilla de cerdo,Carnicería,14.25,2429,57.0
1946,2024-09-27,277,2,5,3,Completa,39,9,Friday,3,Yogur,Lácteos,5.21,3358,26.05
2553,2024-09-27,120,3,5,4,Completa,39,9,Friday,3,Queso cremoso,Lácteos,17.23,3167,86.15
2903,2024-09-27,306,6,2,2,Completa,39,9,Friday,3,Asado,Carnicería,28.56,5137,57.12
233,2024-09-28,315,10,5,5,Completa,39,9,Saturday,3,Costilla de cerdo,Carnicería,14.25,2429,71.25
254,2024-09-28,324,29,1,2,Completa,39,9,Saturday,3,Cerveza,Bebidas,11.54,2455,11.54
317,2024-09-28,258,7,6,3,Completa,39,9,Saturday,3,Chorizo,Carnicería,11.25,4068,67.5
417,2024-09-28,40,8,6,4,Pendiente,39,9,Saturday,3,Milanesa,Carnicería,16.21,3140,97.26
860,2024-09-28,106,2,6,4,Completa,39,9,Saturday,3,Yogur,Lácteos,5.21,3358,31.259999999999998
1179,2024-09-28,98,10,5,4,Completa,39,9,Saturday,3,Costilla de cerdo,Carnicería,14.25,2429,71.25
1503,2024-09-28,121,12,6,3,Completa,39,9,Saturday,3,Pan francés,Panadería,8.12,1619,48.72
2026,2024-09-28,48,17,3,4,Pendiente,39,9,Saturday,3,Manzanas,Frutas y Verduras,6.54,3383,19.62
2174,2024-09-28,325,17,1,3,Completa,39,9,Saturday,3,Manzanas,Frutas y Verduras,6.54,3383,6.54
2185,2024-09-28,250,10,2,1,Pendiente,39,9,Saturday,3,Costilla de cerdo,Carnicería,14.25,2429,28.5
2211,2024-09-28,60,24,1,1,Completa,39,9,Saturday,3,Empanadas,Congelados,13.54,2908,13.54
2302,2024-09-28,41,21,4,4,Pendiente,39,9,Saturday,3,Zanahorias,Frutas y Verduras,3.25,2800,13.0
59,2024-09-29,242,16,6,5,Completa,39,9,Sunday,3,Tortas,Panadería,15.23,3189,91.38
91,2024-09-29,192,6,6,3,Completa,39,9,Sunday,3,Asado,Carnicería,28.56,5137,171.35999999999999
100,2024-09-29,134,26,6,1,Completa,39,9,Sunday,3,Hamburgesas congeladas,Congelados,9.54,1688,57.239999999999995
105,2024-09-29,24,24,1,4,Completa,39,9,Sunday,3,Empanadas,Congelados,13.54,2908,13.54
179,2024-09-29,37,6,4,1,Pendiente,39,9,Sunday,3,Asado,Carnicería,28.56,5137,114.24
566,2024-09-29,109,16,1,5,Completa,39,9,Sunday,3,Tortas,Panadería,15.23,3189,15.23
745,2024-09-29,230,9,5,5,Completa,39,9,Sunday,3,Pollo,Carnicería,18.56,4051,92.8
1199,2024-09-29,38,38,3,4,Completa,39,9,Sunday,3,Atún enlatado,Conservas,6.21,2182,18.63
1288,2024-09-29,53,32,3,2,Completa,39,9,Sunday,3,Galletitas de chocolate,Galletitas y Snacks,6.25,5057,18.75
1311,2024-09-29,309,27,4,2,Completa,39,9,Sunday,3,Agua mineral,Bebidas,6.21,4978,24.84
2065,2024-09-29,202,16,3,5,Completa,39,9,Sunday,3,Tortas,Panadería,15.23,3189,45.69
2102,2024-09-29,268,18,4,1,Completa,39,9,Sunday,3,Bananas,Frutas y Verduras,7.25,4720,29.0
2470,2024-09-29,85,24,2,4,Completa,39,9,Sunday,3,Empanadas,Congelados,13.54,2908,27.08
2765,2024-09-29,183,21,5,4,Completa,39,9,Sunday,3,Zanahorias,Frutas y Verduras,3.25,2800,16.25
2772,2024-09-29,56,33,3,5,Pendiente,39,9,Sunday,3,Papas chips,Galletitas y Snacks,8.54,2837,25.619999999999997
2970,2024-09-29,135,3,4,4,Completa,39,9,Sunday,3,Queso cremoso,Lácteos,17.23,3167,68.92
171,2024-09-30,50,27,3,5,Completa,40,9,Monday,3,Agua mineral,Bebidas,6.21,4978,18.63
400,2024-09-30,167,35,2,1,Completa,40,9,Monday,3,Arroz,Conservas,4.25,1437,8.5
618,2024-09-30,31,37,3,5,Completa,40,9,Monday,3,Garbanzos,Conservas,3.65,1506,10.95
755,2024-09-30,109,5,6,5,Completa,40,9,Monday,3,Manteca,Lácteos,5.65,4929,33.900000000000006
904,2024-09-30,76,16,3,3,Completa,40,9,Monday,3,Tortas,Panadería,15.23,3189,45.69
1120,2024-09-30,283,13,6,5,Completa,40,9,Monday,3,Pan integral,Panadería,12.56,2228,75.36
1334,2024-09-30,158,33,1,5,Completa,40,9,Monday,3,Papas chips,Galletitas y Snacks,8.54,2837,8.54
1539,2024-09-30,152,8,1,4,Completa,40,9,Monday,3,Milanesa,Carnicería,16.21,3140,16.21
1608,2024-09-30,78,11,1,5,Completa,40,9,Monday,3,Salchicha,Carnicería,11.23,1726,11.23
2089,2024-09-30,221,14,2,5,Pendiente,40,9,Monday,3,Facturas,Panadería,12.36,3125,24.72
2103,2024-09-30,78,5,4,3,Completa,40,9,Monday,3,Manteca,Lácteos,5.65,4929,22.6
2392,2024-09-30,58,6,5,4,Completa,40,9,Monday,3,Asado,Carnicería,28.56,5137,142.79999999999998
2482,2024-09-30,82,4,2,5,Pendiente,40,9,Monday,3,Queso rallado,Lácteos,19.23,2099,38.46
2613,2024-09-30,251,26,3,1,Pendiente,40,9,Monday,3,Hamburgesas congeladas,Congelados,9.54,1688,28.619999999999997
2864,2024-09-30,28,36,4,3,Pendiente,40,9,Monday,3,Lentejas,Conservas,3.25,4578,13.0
2876,2024-09-30,162,13,3,1,Completa,40,9,Monday,3,Pan integral,Panadería,12.56,2228,37.68
714,2024-10-01,237,16,2,5,Completa,40,10,Tuesday,4,Tortas,Panadería,15.23,3189,30.46
753,2024-10-01,99,11,3,2,Completa,40,10,Tuesday,4,Salchicha,Carnicería,11.23,1726,33.69
2617,2024-10-01,63,35,2,5,Completa,40,10,Tuesday,4,Arroz,Conservas,4.25,1437,8.5
2638,2024-10-01,91,24,4,4,Completa,40,10,Tuesday,4,Empanadas,Congelados,13.54,2908,54.16
2757,2024-10-01,35,27,5,4,Completa,40,10,Tuesday,4,Agua mineral,Bebidas,6.21,4978,31.05
517,2024-10-02,307,38,5,2,Completa,40,10,Wednesday,4,Atún enlatado,Conservas,6.21,2182,31.05
901,2024-10-02,325,37,4,4,Completa,40,10,Wednesday,4,Garbanzos,Conservas,3.65,1506,14.6
1006,2024-10-02,281,23,6,5,Completa,40,10,Wednesday,4,Papas fritas,Congelados,8.23,3731,49.38
1116,2024-10-02,266,10,4,1,Completa,40,10,Wednesday,4,Costilla de cerdo,Carnicería,14.25,2429,57.0
1295,2024-10-02,208,17,1,4,Pendiente,40,10,Wednesday,4,Manzanas,Frutas y Verduras,6.54,3383,6.54
2119,2024-10-02,296,8,1,4,Completa,40,10,Wednesday,4,Milanesa,Carnicería,16.21,3140,16.21
2510,2024-10-02,294,31,4,4,Completa,40,10,Wednesday,4,Galletitas de agua,Galletitas y Snacks,5.24,2771,20.96
261,2024-10-03,74,6,5,5,Completa,40,10,Thursday,4,Asado,Carnicería,28.56,5137,142.79999999999998
274,2024-10-03,105,23,5,4,Completa,40,10,Thursday,4,Papas fritas,Congelados,8.23,3731,41.150000000000006
289,2024-10-03,225,31,2,5,Completa,40,10,Thursday,4,Galletitas de agua,Galletitas y Snacks,5.24,2771,10.48
525,2024-10-03,311,34,4,4,Completa,40,10,Thursday,4,Maníes,Galletitas y Snacks,5.45,4769,21.8
828,2024-10-03,29,26,6,3,Completa,40,10,Thursday,4,Hamburgesas congeladas,Congelados,9.54,1688,57.239999999999995
1223,2024-10-03,104,15,6,3,Completa,40,10,Thursday,4,Medialunas,Panadería,3.51,4043,21.06
1570,2024-10-03,78,37,6,3,Completa,40,10,Thursday,4,Garbanzos,Conservas,3.65,1506,21.9
1619,2024-10-03,236,13,1,2,Completa,40,10,Thursday,4,Pan integral,Panadería,12.56,2228,12.56
1997,2024-10-03,246,2,1,3,Completa,40,10,Thursday,4,Yogur,Lácteos,5.21,3358,5.21
2029,2024-10-03,129,6,6,5,Completa,40,10,Thursday,4,Asado,Carnicería,28.56,5137,171.35999999999999
2041,2024-10-03,219,28,5,5,Completa,40,10,Thursday,4,Jugos de frutas,Bebidas,9.45,3637,47.25
2246,2024-10-03,59,22,3,2,Completa,40,10,Thursday,4,Cebolla,Frutas y Verduras,4.21,3545,12.629999999999999
2461,2024-10-03,185,20,5,5,Completa,40,10,Thursday,4,Lechugas,Frutas y Verduras,4.25,1541,21.25
2548,2024-10-03,206,27,6,2,Completa,40,10,Thursday,4,Agua mineral,Bebidas,6.21,4978,37.26
2558,2024-10-03,177,25,6,4,Completa,40,10,Thursday,4,Pizza congelada,Congelados,15.45,1640,92.69999999999999
2616,2024-10-03,272,9,3,1,Pendiente,40,10,Thursday,4,Pollo,Carnicería,18.56,4051,55.67999999999999
2724,2024-10-03,302,3,1,1,Completa,40,10,Thursday,4,Queso cremoso,Lácteos,17.23,3167,17.23
240,2024-10-04,312,29,4,3,Completa,40,10,Friday,4,Cerveza,Bebidas,11.54,2455,46.16
649,2024-10-04,128,14,4,3,Completa,40,10,Friday,4,Facturas,Panadería,12.36,3125,49.44
664,2024-10-04,264,33,3,5,Completa,40,10,Friday,4,Papas chips,Galletitas y Snacks,8.54,2837,25.619999999999997
1435,2024-10-04,52,31,5,4,Cancelada,40,10,Friday,4,Galletitas de agua,Galletitas y Snacks,5.24,2771,26.200000000000003
2037,2024-10-04,296,32,3,4,Completa,40,10,Friday,4,Galletitas de chocolate,Galletitas y Snacks,6.25,5057,18.75
2071,2024-10-04,122,31,1,2,Pendiente,40,10,Friday,4,Galletitas de agua,Galletitas y Snacks,5.24,2771,5.24
2202,2024-10-04,276,6,5,5,Completa,40,10,Friday,4,Asado,Carnicería,28.56,5137,142.79999999999998
2521,2024-10-04,20,35,4,3,Completa,40,10,Friday,4,Arroz,Conservas,4.25,1437,17.0
159,2024-10-05,217,26,2,1,Completa,40,10,Saturday,4,Hamburgesas congeladas,Congelados,9.54,1688,19.08
543,2024-10-05,162,8,1,5,Completa,40,10,Saturday,4,Milanesa,Carnicería,16.21,3140,16.21
722,2024-10-05,136,31,5,4,Completa,40,10,Saturday,4,Galletitas de agua,Galletitas y Snacks,5.24,2771,26.200000000000003
772,2024-10-05,141,2,6,3,Completa,40,10,Saturday,4,Yogur,Lácteos,5.21,3358,31.259999999999998
794,2024-10-05,302,28,4,3,Completa,40,10,Saturday,4,Jugos de frutas,Bebidas,9.45,3637,37.8
1138,2024-10-05,123,22,2,2,Completa,40,10,Saturday,4,Cebolla,Frutas y Verduras,4.21,3545,8.42
1227,2024-10-05,290,27,3,1,Completa,40,10,Saturday,4,Agua mineral,Bebidas,6.21,4978,18.63
1635,2024-10-05,94,20,5,1,Completa,40,10,Saturday,4,Lechugas,Frutas y Verduras,4.25,1541,21.25
2090,2024-10-05,299,19,5,1,Completa,40,10,Saturday,4,Tomates,Frutas y Verduras,6.54,4041,32.7
2404,2024-10-05,97,1,4,5,Completa,40,10,Saturday,4,Leche,Lácteos,12.24,3327,48.96
2690,2024-10-05,263,18,4,5,Completa,40,10,Saturday,4,Bananas,Frutas y Verduras,7.25,4720,29.0
68,2024-10-06,127,20,2,5,Completa,40,10,Sunday,4,Lechugas,Frutas y Verduras,4.25,1541,8.5
164,2024-10-06,233,18,2,4,Completa,40,10,Sunday,4,Bananas,Frutas y Verduras,7.25,4720,14.5
894,2024-10-06,178,6,1,5,Completa,40,10,Sunday,4,Asado,Carnicería,28.56,5137,28.56
964,2024-10-06,220,18,4,4,Completa,40,10,Sunday,4,Bananas,Frutas y Verduras,7.25,4720,29.0
1015,2024-10-06,83,4,1,5,Completa,40,10,Sunday,4,Queso rallado,Lácteos,19.23,2099,19.23
1528,2024-10-06,90,29,2,3,Pendiente,40,10,Sunday,4,Cerveza,Bebidas,11.54,2455,23.08
1560,2024-10-06,240,9,5,3,Pendiente,40,10,Sunday,4,Pollo,Carnicería,18.56,4051,92.8
1971,2024-10-06,176,30,1,3,Completa,40,10,Sunday,4,Vino tinto,Bebidas,13.54,1363,13.54
2491,2024-10-06,91,5,3,4,Pendiente,40,10,Sunday,4,Manteca,Lácteos,5.65,4929,16.950000000000003
2948,2024-10-06,278,32,6,4,Completa,40,10,Sunday,4,Galletitas de chocolate,Galletitas y Snacks,6.25,5057,37.5
137,2024-10-07,264,15,1,5,Pendiente,41,10,Monday,4,Medialunas,Panadería,3.51,4043,3.51
1330,2024-10-07,285,7,6,4,Pendiente,41,10,Monday,4,Chorizo,Carnicería,11.25,4068,67.5
1360,2024-10-07,177,37,4,3,Completa,41,10,Monday,4,Garbanzos,Conservas,3.65,1506,14.6
1571,2024-10-07,14,18,6,4,Completa,41,10,Monday,4,Bananas,Frutas y Verduras,7.25,4720,43.5
1603,2024-10-07,50,22,3,4,Completa,41,10,Monday,4,Cebolla,Frutas y Verduras,4.21,3545,12.629999999999999
2122,2024-10-07,120,2,5,5,Completa,41,10,Monday,4,Yogur,Lácteos,5.21,3358,26.05
2275,2024-10-07,227,36,1,1,Completa,41,10,Monday,4,Lentejas,Conservas,3.25,4578,3.25
2569,2024-10-07,177,32,4,4,Completa,41,10,Monday,4,Galletitas de chocolate,Galletitas y Snacks,6.25,5057,25.0
2853,2024-10-07,259,25,4,2,Completa,41,10,Monday,4,Pizza congelada,Congelados,15.45,1640,61.8
553,2024-10-08,255,21,5,4,Completa,41,10,Tuesday,4,Zanahorias,Frutas y Verduras,3.25,2800,16.25
2910,2024-10-08,77,34,4,1,Completa,41,10,Tuesday,4,Maníes,Galletitas y Snacks,5.45,4769,21.8
712,2024-10-09,247,15,4,1,Completa,41,10,Wednesday,4,Medialunas,Panadería,3.51,4043,14.04
769,2024-10-09,289,17,5,3,Completa,41,10,Wednesday,4,Manzanas,Frutas y Verduras,6.54,3383,32.7
1012,2024-10-09,127,1,2,4,Completa,41,10,Wednesday,4,Leche,Lácteos,12.24,3327,24.48
1280,2024-10-09,239,10,1,5,Completa,41,10,Wednesday,4,Costilla de cerdo,Carnicería,14.25,2429,14.25
1512,2024-10-09,91,11,2,5,Completa,41,10,Wednesday,4,Salchicha,Carnicería,11.23,1726,22.46
1684,2024-10-09,174,8,3,5,Completa,41,10,Wednesday,4,Milanesa,Carnicería,16.21,3140,48.63
2662,2024-10-09,15,14,6,4,Completa,41,10,Wednesday,4,Facturas,Panadería,12.36,3125,74.16
2919,2024-10-09,238,32,4,5,Completa,41,10,Wednesday,4,Galletitas de chocolate,Galletitas y Snacks,6.25,5057,25.0
363,2024-10-10,219,23,2,2,Completa,41,10,Thursday,4,Papas fritas,Congelados,8.23,3731,16.46
430,2024-10-10,26,25,2,5,Completa,41,10,Thursday,4,Pizza congelada,Congelados,15.45,1640,30.9
541,2024-10-10,106,21,4,1,Completa,41,10,Thursday,4,Zanahorias,Frutas y Verduras,3.25,2800,13.0
602,2024-10-10,53,35,1,4,Completa,41,10,Thursday,4,Arroz,Conservas,4.25,1437,4.25
740,2024-10-10,62,17,3,3,Completa,41,10,Thursday,4,Manzanas,Frutas y Verduras,6.54,3383,19.62
1246,2024-10-10,54,38,6,2,Completa,41,10,Thursday,4,Atún enlatado,Conservas,6.21,2182,37.26
1414,2024-10-10,248,24,4,5,Pendiente,41,10,Thursday,4,Empanadas,Congelados,13.54,2908,54.16
2523,2024-10-10,63,17,6,5,Completa,41,10,Thursday,4,Manzanas,Frutas y Verduras,6.54,3383,39.24
2684,2024-10-10,282,35,5,2,Completa,41,10,Thursday,4,Arroz,Conservas,4.25,1437,21.25
2776,2024-10-10,10,33,3,3,Pendiente,41,10,Thursday,4,Papas chips,Galletitas y Snacks,8.54,2837,25.619999999999997
36,2024-10-11,77,27,2,1,Completa,41,10,Friday,4,Agua mineral,Bebidas,6.21,4978,12.42
84,2024-10-11,110,13,1,4,Completa,41,10,Friday,4,Pan integral,Panadería,12.56,2228,12.56
285,2024-10-11,239,15,2,1,Completa,41,10,Friday,4,Medialunas,Panadería,3.51,4043,7.02
993,2024-10-11,313,10,5,4,Completa,41,10,Friday,4,Costilla de cerdo,Carnicería,14.25,2429,71.25
1152,2024-10-11,111,6,3,4,Completa,41,10,Friday,4,Asado,Carnicería,28.56,5137,85.67999999999999
1701,2024-10-11,200,3,2,5,Pendiente,41,10,Friday,4,Queso cremoso,Lácteos,17.23,3167,34.46
1726,2024-10-11,241,28,3,4,Completa,41,10,Friday,4,Jugos de frutas,Bebidas,9.45,3637,28.349999999999998
2104,2024-10-11,320,15,5,4,Pendiente,41,10,Friday,4,Medialunas,Panadería,3.51,4043,17.549999999999997
2710,2024-10-11,5,8,2,5,Completa,41,10,Friday,4,Milanesa,Carnicería,16.21,3140,32.42
2953,2024-10-11,1,22,5,4,Completa,41,10,Friday,4,Cebolla,Frutas y Verduras,4.21,3545,21.05
310,2024-10-12,152,25,3,5,Completa,41,10,Saturday,4,Pizza congelada,Congelados,15.45,1640,46.349999999999994
359,2024-10-12,56,18,1,5,Completa,41,10,Saturday,4,Bananas,Frutas y Verduras,7.25,4720,7.25
394,2024-10-12,293,24,6,5,Completa,41,10,Saturday,4,Empanadas,Congelados,13.54,2908,81.24
1748,2024-10-12,218,32,4,3,Completa,41,10,Saturday,4,Galletitas de chocolate,Galletitas y Snacks,6.25,5057,25.0
2099,2024-10-12,147,34,1,5,Completa,41,10,Saturday,4,Maníes,Galletitas y Snacks,5.45,4769,5.45
2360,2024-10-12,250,21,1,4,Completa,41,10,Saturday,4,Zanahorias,Frutas y Verduras,3.25,2800,3.25
2387,2024-10-12,22,32,2,4,Completa,41,10,Saturday,4,Galletitas de chocolate,Galletitas y Snacks,6.25,5057,12.5
2922,2024-10-12,230,22,4,1,Completa,41,10,Saturday,4,Cebolla,Frutas y Verduras,4.21,3545,16.84
301,2024-10-13,326,21,4,4,Completa,41,10,Sunday,4,Zanahorias,Frutas y Verduras,3.25,2800,13.0
859,2024-10-13,78,8,4,3,Completa,41,10,Sunday,4,Milanesa,Carnicería,16.21,3140,64.84
1836,2024-10-13,141,18,5,1,Completa,41,10,Sunday,4,Bananas,Frutas y Verduras,7.25,4720,36.25
2113,2024-10-13,119,37,6,5,Completa,41,10,Sunday,4,Garbanzos,Conservas,3.65,1506,21.9
2370,2024-10-13,19,28,5,2,Completa,41,10,Sunday,4,Jugos de frutas,Bebidas,9.45,3637,47.25
2952,2024-10-13,23,32,6,1,Completa,41,10,Sunday,4,Galletitas de chocolate,Galletitas y Snacks,6.25,5057,37.5
564,2024-10-14,11,35,5,1,Completa,42,10,Monday,4,Arroz,Conservas,4.25,1437,21.25
856,2024-10-14,27,19,2,5,Completa,42,10,Monday,4,Tomates,Frutas y Verduras,6.54,4041,13.08
872,2024-10-14,29,16,6,1,Completa,42,10,Monday,4,Tortas,Panadería,15.23,3189,91.38
921,2024-10-14,46,21,2,5,Completa,42,10,Monday,4,Zanahorias,Frutas y Verduras,3.25,2800,6.5
1021,2024-10-14,24,20,6,2,Completa,42,10,Monday,4,Lechugas,Frutas y Verduras,4.25,1541,25.5
1376,2024-10-14,61,16,1,2,Completa,42,10,Monday,4,Tortas,Panadería,15.23,3189,15.23
1585,2024-10-14,297,9,2,4,Completa,42,10,Monday,4,Pollo,Carnicería,18.56,4051,37.12
1768,2024-10-14,260,21,5,4,Completa,42,10,Monday,4,Zanahorias,Frutas y Verduras,3.25,2800,16.25
2374,2024-10-14,8,2,5,5,Completa,42,10,Monday,4,Yogur,Lácteos,5.21,3358,26.05
2829,2024-10-14,188,2,1,5,Pendiente,42,10,Monday,4,Yogur,Lácteos,5.21,3358,5.21
569,2024-10-15,184,25,4,1,Completa,42,10,Tuesday,4,Pizza congelada,Congelados,15.45,1640,61.8
653,2024-10-15,29,3,1,3,Completa,42,10,Tuesday,4,Queso cremoso,Lácteos,17.23,3167,17.23
918,2024-10-15,61,11,2,1,Completa,42,10,Tuesday,4,Salchicha,Carnicería,11.23,1726,22.46
945,2024-10-15,241,30,5,3,Completa,42,10,Tuesday,4,Vino tinto,Bebidas,13.54,1363,67.69999999999999
1024,2024-10-15,168,37,1,3,Completa,42,10,Tuesday,4,Garbanzos,Conservas,3.65,1506,3.65
1374,2024-10-15,21,38,4,3,Completa,42,10,Tuesday,4,Atún enlatado,Conservas,6.21,2182,24.84
1469,2024-10-15,104,25,2,3,Completa,42,10,Tuesday,4,Pizza congelada,Congelados,15.45,1640,30.9
1538,2024-10-15,104,29,6,5,Completa,42,10,Tuesday,4,Cerveza,Bebidas,11.54,2455,69.24
2352,2024-10-15,193,31,6,1,Pendiente,42,10,Tuesday,4,Galletitas de agua,Galletitas y Snacks,5.24,2771,31.44
2818,2024-10-15,310,30,2,4,Completa,42,10,Tuesday,4,Vino tinto,Bebidas,13.54,1363,27.08
2847,2024-10-15,180,15,2,5,Completa,42,10,Tuesday,4,Medialunas,Panadería,3.51,4043,7.02
307,2024-10-16,50,27,1,2,Completa,42,10,Wednesday,4,Agua mineral,Bebidas,6.21,4978,6.21
605,2024-10-16,299,5,4,1,Completa,42,10,Wednesday,4,Manteca,Lácteos,5.65,4929,22.6
645,2024-10-16,188,3,1,5,Completa,42,10,Wednesday,4,Queso cremoso,Lácteos,17.23,3167,17.23
912,2024-10-16,306,19,6,2,Completa,42,10,Wednesday,4,Tomates,Frutas y Verduras,6.54,4041,39.24
1018,2024-10-16,291,14,3,4,Completa,42,10,Wednesday,4,Facturas,Panadería,12.36,3125,37.08
1020,2024-10-16,61,32,6,5,Completa,42,10,Wednesday,4,Galletitas de chocolate,Galletitas y Snacks,6.25,5057,37.5
1222,2024-10-16,82,27,3,4,Pendiente,42,10,Wednesday,4,Agua mineral,Bebidas,6.21,4978,18.63
1277,2024-10-16,163,2,2,4,Completa,42,10,Wednesday,4,Yogur,Lácteos,5.21,3358,10.42
1322,2024-10-16,60,21,2,4,Pendiente,42,10,Wednesday,4,Zanahorias,Frutas y Verduras,3.25,2800,6.5
1392,2024-10-16,49,28,4,3,Completa,42,10,Wednesday,4,Jugos de frutas,Bebidas,9.45,3637,37.8
1446,2024-10-16,9,20,3,4,Pendiente,42,10,Wednesday,4,Lechugas,Frutas y Verduras,4.25,1541,12.75
2816,2024-10-16,287,34,6,3,Completa,42,10,Wednesday,4,Maníes,Galletitas y Snacks,5.45,4769,32.7
38,2024-10-17,271,20,6,3,Completa,42,10,Thursday,4,Lechugas,Frutas y Verduras,4.25,1541,25.5
326,2024-10-17,132,32,3,2,Pendiente,42,10,Thursday,4,Galletitas de chocolate,Galletitas y Snacks,6.25,5057,18.75
415,2024-10-17,148,21,1,4,Completa,42,10,Thursday,4,Zanahorias,Frutas y Verduras,3.25,2800,3.25
435,2024-10-17,70,31,3,5,Completa,42,10,Thursday,4,Galletitas de agua,Galletitas y Snacks,5.24,2771,15.72
1209,2024-10-17,19,28,3,4,Completa,42,10,Thursday,4,Jugos de frutas,Bebidas,9.45,3637,28.349999999999998
1453,2024-10-17,275,25,4,5,Completa,42,10,Thursday,4,Pizza congelada,Congelados,15.45,1640,61.8
1596,2024-10-17,85,26,2,5,Completa,42,10,Thursday,4,Hamburgesas congeladas,Congelados,9.54,1688,19.08
1969,2024-10-17,233,29,1,1,Completa,42,10,Thursday,4,Cerveza,Bebidas,11.54,2455,11.54
2120,2024-10-17,316,13,5,3,Completa,42,10,Thursday,4,Pan integral,Panadería,12.56,2228,62.800000000000004
2171,2024-10-17,106,30,2,3,Completa,42,10,Thursday,4,Vino tinto,Bebidas,13.54,1363,27.08
2231,2024-10-17,6,19,3,3,Completa,42,10,Thursday,4,Tomates,Frutas y Verduras,6.54,4041,19.62
2679,2024-10-17,63,3,1,1,Completa,42,10,Thursday,4,Queso cremoso,Lácteos,17.23,3167,17.23
630,2024-10-18,290,18,5,2,Completa,42,10,Friday,4,Bananas,Frutas y Verduras,7.25,4720,36.25
678,2024-10-18,47,27,1,4,Completa,42,10,Friday,4,Agua mineral,Bebidas,6.21,4978,6.21
955,2024-10-18,196,6,3,4,Completa,42,10,Friday,4,Asado,Carnicería,28.56,5137,85.67999999999999
966,2024-10-18,120,22,1,4,Pendiente,42,10,Friday,4,Cebolla,Frutas y Verduras,4.21,3545,4.21
2131,2024-10-18,315,5,5,5,Completa,42,10,Friday,4,Manteca,Lácteos,5.65,4929,28.25
2386,2024-10-18,102,15,5,5,Completa,42,10,Friday,4,Medialunas,Panadería,3.51,4043,17.549999999999997
2739,2024-10-18,6,1,4,5,Completa,42,10,Friday,4,Leche,Lácteos,12.24,3327,48.96
439,2024-10-19,207,36,2,2,Completa,42,10,Saturday,4,Lentejas,Conservas,3.25,4578,6.5
530,2024-10-19,31,31,6,3,Completa,42,10,Saturday,4,Galletitas de agua,Galletitas y Snacks,5.24,2771,31.44
978,2024-10-19,116,19,3,5,Completa,42,10,Saturday,4,Tomates,Frutas y Verduras,6.54,4041,19.62
1062,2024-10-19,141,34,3,5,Pendiente,42,10,Saturday,4,Maníes,Galletitas y Snacks,5.45,4769,16.35
1579,2024-10-19,20,22,1,3,Completa,42,10,Saturday,4,Cebolla,Frutas y Verduras,4.21,3545,4.21
1719,2024-10-19,1,11,3,5,Completa,42,10,Saturday,4,Salchicha,Carnicería,11.23,1726,33.69
2115,2024-10-19,250,29,4,5,Pendiente,42,10,Saturday,4,Cerveza,Bebidas,11.54,2455,46.16
2312,2024-10-19,22,20,5,5,Completa,42,10,Saturday,4,Lechugas,Frutas y Verduras,4.25,1541,21.25
2371,2024-10-19,264,6,3,3,Completa,42,10,Saturday,4,Asado,Carnicería,28.56,5137,85.67999999999999
2422,2024-10-19,219,4,1,1,Completa,42,10,Saturday,4,Queso rallado,Lácteos,19.23,2099,19.23
2542,2024-10-19,189,25,4,4,Pendiente,42,10,Saturday,4,Pizza congelada,Congelados,15.45,1640,61.8
675,2024-10-20,168,26,4,5,Completa,42,10,Sunday,4,Hamburgesas congeladas,Congelados,9.54,1688,38.16
752,2024-10-20,48,24,3,4,Completa,42,10,Sunday,4,Empanadas,Congelados,13.54,2908,40.62
823,2024-10-20,225,14,6,4,Completa,42,10,Sunday,4,Facturas,Panadería,12.36,3125,74.16
841,2024-10-20,280,11,2,5,Pendiente,42,10,Sunday,4,Salchicha,Carnicería,11.23,1726,22.46
910,2024-10-20,208,24,5,5,Completa,42,10,Sunday,4,Empanadas,Congelados,13.54,2908,67.69999999999999
1356,2024-10-20,228,4,6,2,Completa,42,10,Sunday,4,Queso rallado,Lácteos,19.23,2099,115.38
1391,2024-10-20,6,22,2,1,Completa,42,10,Sunday,4,Cebolla,Frutas y Verduras,4.21,3545,8.42
1716,2024-10-20,15,34,5,1,Completa,42,10,Sunday,4,Maníes,Galletitas y Snacks,5.45,4769,27.25
1718,2024-10-20,224,3,3,1,Completa,42,10,Sunday,4,Queso cremoso,Lácteos,17.23,3167,51.69
1911,2024-10-20,64,10,5,4,Pendiente,42,10,Sunday,4,Costilla de cerdo,Carnicería,14.25,2429,71.25
2337,2024-10-20,242,7,4,3,Pendiente,42,10,Sunday,4,Chorizo,Carnicería,11.25,4068,45.0
2588,2024-10-20,116,27,4,3,Completa,42,10,Sunday,4,Agua mineral,Bebidas,6.21,4978,24.84
2594,2024-10-20,75,3,1,1,Completa,42,10,Sunday,4,Queso cremoso,Lácteos,17.23,3167,17.23
2781,2024-10-20,224,25,5,5,Completa,42,10,Sunday,4,Pizza congelada,Congelados,15.45,1640,77.25
132,2024-10-21,95,27,1,4,Pendiente,43,10,Monday,4,Agua mineral,Bebidas,6.21,4978,6.21
1275,2024-10-21,18,15,5,4,Completa,43,10,Monday,4,Medialunas,Panadería,3.51,4043,17.549999999999997
1454,2024-10-21,272,10,6,1,Completa,43,10,Monday,4,Costilla de cerdo,Carnicería,14.25,2429,85.5
1559,2024-10-21,226,1,1,3,Completa,43,10,Monday,4,Leche,Lácteos,12.24,3327,12.24
1683,2024-10-21,181,12,4,3,Completa,43,10,Monday,4,Pan francés,Panadería,8.12,1619,32.48
760,2024-10-22,4,28,5,4,Completa,43,10,Tuesday,4,Jugos de frutas,Bebidas,9.45,3637,47.25
767,2024-10-22,9,32,2,4,Pendiente,43,10,Tuesday,4,Galletitas de chocolate,Galletitas y Snacks,6.25,5057,12.5
886,2024-10-22,74,2,4,3,Pendiente,43,10,Tuesday,4,Yogur,Lácteos,5.21,3358,20.84
1740,2024-10-22,210,7,6,1,Completa,43,10,Tuesday,4,Chorizo,Carnicería,11.25,4068,67.5
2279,2024-10-22,219,28,3,3,Completa,43,10,Tuesday,4,Jugos de frutas,Bebidas,9.45,3637,28.349999999999998
2317,2024-10-22,174,13,6,1,Completa,43,10,Tuesday,4,Pan integral,Panadería,12.56,2228,75.36
2546,2024-10-22,274,23,4,1,Completa,43,10,Tuesday,4,Papas fritas,Congelados,8.23,3731,32.92
173,2024-10-23,168,36,1,5,Completa,43,10,Wednesday,4,Lentejas,Conservas,3.25,4578,3.25
840,2024-10-23,116,27,1,5,Completa,43,10,Wednesday,4,Agua mineral,Bebidas,6.21,4978,6.21
1191,2024-10-23,285,10,5,1,Completa,43,10,Wednesday,4,Costilla de cerdo,Carnicería,14.25,2429,71.25
1336,2024-10-23,122,34,6,3,Completa,43,10,Wednesday,4,Maníes,Galletitas y Snacks,5.45,4769,32.7
1742,2024-10-23,175,7,2,3,Completa,43,10,Wednesday,4,Chorizo,Carnicería,11.25,4068,22.5
1936,2024-10-23,89,29,5,1,Pendiente,43,10,Wednesday,4,Cerveza,Bebidas,11.54,2455,57.699999999999996
2589,2024-10-23,274,22,5,4,Completa,43,10,Wednesday,4,Cebolla,Frutas y Verduras,4.21,3545,21.05
2670,2024-10-23,311,24,6,3,Completa,43,10,Wednesday,4,Empanadas,Congelados,13.54,2908,81.24
629,2024-10-24,157,14,1,1,Pendiente,43,10,Thursday,4,Facturas,Panadería,12.36,3125,12.36
1491,2024-10-24,132,35,2,2,Completa,43,10,Thursday,4,Arroz,Conservas,4.25,1437,8.5
2072,2024-10-24,11,29,4,4,Completa,43,10,Thursday,4,Cerveza,Bebidas,11.54,2455,46.16
2177,2024-10-24,37,18,6,4,Completa,43,10,Thursday,4,Bananas,Frutas y Verduras,7.25,4720,43.5
2504,2024-10-24,161,22,3,1,Completa,43,10,Thursday,4,Cebolla,Frutas y Verduras,4.21,3545,12.629999999999999
235,2024-10-25,177,3,2,4,Pendiente,43,10,Friday,4,Queso cremoso,Lácteos,17.23,3167,34.46
242,2024-10-25,152,1,3,1,Completa,43,10,Friday,4,Leche,Lácteos,12.24,3327,36.72
613,2024-10-25,325,27,3,4,Completa,43,10,Friday,4,Agua mineral,Bebidas,6.21,4978,18.63
1087,2024-10-25,170,25,2,2,Completa,43,10,Friday,4,Pizza congelada,Congelados,15.45,1640,30.9
1485,2024-10-25,162,38,1,5,Completa,43,10,Friday,4,Atún enlatado,Conservas,6.21,2182,6.21
2587,2024-10-25,221,37,1,5,Completa,43,10,Friday,4,Garbanzos,Conservas,3.65,1506,3.65
228,2024-10-26,209,11,4,5,Completa,43,10,Saturday,4,Salchicha,Carnicería,11.23,1726,44.92
423,2024-10-26,34,27,6,5,Completa,43,10,Saturday,4,Agua mineral,Bebidas,6.21,4978,37.26
1303,2024-10-26,203,33,1,5,Completa,43,10,Saturday,4,Papas chips,Galletitas y Snacks,8.54,2837,8.54
1327,2024-10-26,205,23,3,2,Pendiente,43,10,Saturday,4,Papas fritas,Congelados,8.23,3731,24.69
1728,2024-10-26,46,19,5,4,Completa,43,10,Saturday,4,Tomates,Frutas y Verduras,6.54,4041,32.7
2514,2024-10-26,255,21,5,1,Completa,43,10,Saturday,4,Zanahorias,Frutas y Verduras,3.25,2800,16.25
2723,2024-10-26,321,1,2,5,Completa,43,10,Saturday,4,Leche,Lácteos,12.24,3327,24.48
33,2024-10-27,65,23,2,5,Completa,43,10,Sunday,4,Papas fritas,Congelados,8.23,3731,16.46
314,2024-10-27,122,8,3,4,Completa,43,10,Sunday,4,Milanesa,Carnicería,16.21,3140,48.63
458,2024-10-27,102,10,4,5,Completa,43,10,Sunday,4,Costilla de cerdo,Carnicería,14.25,2429,57.0
1283,2024-10-27,318,32,1,4,Completa,43,10,Sunday,4,Galletitas de chocolate,Galletitas y Snacks,6.25,5057,6.25
1293,2024-10-27,247,4,2,4,Completa,43,10,Sunday,4,Queso rallado,Lácteos,19.23,2099,38.46
1308,2024-10-27,185,22,4,1,Completa,43,10,Sunday,4,Cebolla,Frutas y Verduras,4.21,3545,16.84
1315,2024-10-27,222,3,1,1,Completa,43,10,Sunday,4,Queso cremoso,Lácteos,17.23,3167,17.23
1405,2024-10-27,187,29,2,2,Completa,43,10,Sunday,4,Cerveza,Bebidas,11.54,2455,23.08
1536,2024-10-27,203,35,6,1,Completa,43,10,Sunday,4,Arroz,Conservas,4.25,1437,25.5
2273,2024-10-27,304,10,4,4,Completa,43,10,Sunday,4,Costilla de cerdo,Carnicería,14.25,2429,57.0
2733,2024-10-27,27,30,6,1,Completa,43,10,Sunday,4,Vino tinto,Bebidas,13.54,1363,81.24
1119,2024-10-28,142,15,6,2,Completa,44,10,Monday,4,Medialunas,Panadería,3.51,4043,21.06
1533,2024-10-28,118,15,4,4,Completa,44,10,Monday,4,Medialunas,Panadería,3.51,4043,14.04
1696,2024-10-28,316,31,6,5,Pendiente,44,10,Monday,4,Galletitas de agua,Galletitas y Snacks,5.24,2771,31.44
1750,2024-10-28,310,16,1,5,Completa,44,10,Monday,4,Tortas,Panadería,15.23,3189,15.23
1833,2024-10-28,14,18,6,5,Completa,44,10,Monday,4,Bananas,Frutas y Verduras,7.25,4720,43.5
2488,2024-10-28,55,10,5,5,Completa,44,10,Monday,4,Costilla de cerdo,Carnicería,14.25,2429,71.25
2494,2024-10-28,211,33,5,1,Completa,44,10,Monday,4,Papas chips,Galletitas y Snacks,8.54,2837,42.699999999999996
2501,2024-10-28,272,17,4,4,Completa,44,10,Monday,4,Manzanas,Frutas y Verduras,6.54,3383,26.16
2549,2024-10-28,239,8,1,4,Completa,44,10,Monday,4,Milanesa,Carnicería,16.21,3140,16.21
2575,2024-10-28,13,23,4,4,Pendiente,44,10,Monday,4,Papas fritas,Congelados,8.23,3731,32.92
2598,2024-10-28,155,18,6,5,Pendiente,44,10,Monday,4,Bananas,Frutas y Verduras,7.25,4720,43.5
2866,2024-10-28,6,2,3,5,Completa,44,10,Monday,4,Yogur,Lácteos,5.21,3358,15.629999999999999
2897,2024-10-28,36,3,3,4,Completa,44,10,Monday,4,Queso cremoso,Lácteos,17.23,3167,51.69
32,2024-10-29,155,37,6,4,Completa,44,10,Tuesday,4,Garbanzos,Conservas,3.65,1506,21.9
331,2024-10-29,157,35,2,3,Completa,44,10,Tuesday,4,Arroz,Conservas,4.25,1437,8.5
668,2024-10-29,160,9,3,5,Completa,44,10,Tuesday,4,Pollo,Carnicería,18.56,4051,55.67999999999999
758,2024-10-29,168,11,2,1,Completa,44,10,Tuesday,4,Salchicha,Carnicería,11.23,1726,22.46
759,2024-10-29,4,7,6,4,Completa,44,10,Tuesday,4,Chorizo,Carnicería,11.25,4068,67.5
1367,2024-10-29,248,9,5,5,Completa,44,10,Tuesday,4,Pollo,Carnicería,18.56,4051,92.8
1668,2024-10-29,55,26,6,4,Completa,44,10,Tuesday,4,Hamburgesas congeladas,Congelados,9.54,1688,57.239999999999995
1882,2024-10-29,7,32,3,4,Completa,44,10,Tuesday,4,Galletitas de chocolate,Galletitas y Snacks,6.25,5057,18.75
2078,2024-10-29,60,23,5,5,Completa,44,10,Tuesday,4,Papas fritas,Congelados,8.23,3731,41.150000000000006
2080,2024-10-29,62,18,4,5,Pendiente,44,10,Tuesday,4,Bananas,Frutas y Verduras,7.25,4720,29.0
2242,2024-10-29,134,12,3,4,Pendiente,44,10,Tuesday,4,Pan francés,Panadería,8.12,1619,24.36
2812,2024-10-29,89,38,4,5,Completa,44,10,Tuesday,4,Atún enlatado,Conservas,6.21,2182,24.84
125,2024-10-30,190,3,6,5,Pendiente,44,10,Wednesday,4,Queso cremoso,Lácteos,17.23,3167,103.38
1027,2024-10-30,140,18,4,1,Completa,44,10,Wednesday,4,Bananas,Frutas y Verduras,7.25,4720,29.0
1193,2024-10-30,217,5,6,4,Completa,44,10,Wednesday,4,Manteca,Lácteos,5.65,4929,33.900000000000006
1483,2024-10-30,303,23,5,1,Completa,44,10,Wednesday,4,Papas fritas,Congelados,8.23,3731,41.150000000000006
1785,2024-10-30,207,1,1,4,Completa,44,10,Wednesday,4,Leche,Lácteos,12.24,3327,12.24
1930,2024-10-30,302,1,1,1,Completa,44,10,Wednesday,4,Leche,Lácteos,12.24,3327,12.24
2383,2024-10-30,237,14,3,4,Completa,44,10,Wednesday,4,Facturas,Panadería,12.36,3125,37.08
2858,2024-10-30,154,15,1,5,Completa,44,10,Wednesday,4,Medialunas,Panadería,3.51,4043,3.51
109,2024-10-31,285,34,6,2,Completa,44,10,Thursday,4,Maníes,Galletitas y Snacks,5.45,4769,32.7
234,2024-10-31,255,37,5,5,Completa,44,10,Thursday,4,Garbanzos,Conservas,3.65,1506,18.25
965,2024-10-31,177,19,4,3,Completa,44,10,Thursday,4,Tomates,Frutas y Verduras,6.54,4041,26.16
1192,2024-10-31,277,8,4,5,Pendiente,44,10,Thursday,4,Milanesa,Carnicería,16.21,3140,64.84
1361,2024-10-31,192,28,1,3,Completa,44,10,Thursday,4,Jugos de frutas,Bebidas,9.45,3637,9.45
1436,2024-10-31,165,14,2,4,Completa,44,10,Thursday,4,Facturas,Panadería,12.36,3125,24.72
1610,2024-10-31,198,31,1,1,Completa,44,10,Thursday,4,Galletitas de agua,Galletitas y Snacks,5.24,2771,5.24
1644,2024-10-31,111,32,6,5,Completa,44,10,Thursday,4,Galletitas de chocolate,Galletitas y Snacks,6.25,5057,37.5
1972,2024-10-31,305,22,5,2,Completa,44,10,Thursday,4,Cebolla,Frutas y Verduras,4.21,3545,21.05
2843,2024-10-31,3,32,6,5,Completa,44,10,Thursday,4,Galletitas de chocolate,Galletitas y Snacks,6.25,5057,37.5
99,2024-11-01,11,17,1,2,Completa,44,11,Friday,4,Manzanas,Frutas y Verduras,6.54,3383,6.54
674,2024-11-01,157,31,2,3,Completa,44,11,Friday,4,Galletitas de agua,Galletitas y Snacks,5.24,2771,10.48
963,2024-11-01,107,17,4,4,Completa,44,11,Friday,4,Manzanas,Frutas y Verduras,6.54,3383,26.16
1048,2024-11-01,185,5,1,2,Completa,44,11,Friday,4,Manteca,Lácteos,5.65,4929,5.65
1510,2024-11-01,34,1,3,2,Completa,44,11,Friday,4,Leche,Lácteos,12.24,3327,36.72
1978,2024-11-01,210,21,3,4,Completa,44,11,Friday,4,Zanahorias,Frutas y Verduras,3.25,2800,9.75
2143,2024-11-01,54,38,6,4,Completa,44,11,Friday,4,Atún enlatado,Conservas,6.21,2182,37.26
2247,2024-11-01,15,12,5,4,Completa,44,11,Friday,4,Pan francés,Panadería,8.12,1619,40.599999999999994
2877,2024-11-01,152,23,4,5,Pendiente,44,11,Friday,4,Papas fritas,Congelados,8.23,3731,32.92
93,2024-11-02,101,26,4,2,Pendiente,44,11,Saturday,4,Hamburgesas congeladas,Congelados,9.54,1688,38.16
283,2024-11-02,292,21,5,1,Pendiente,44,11,Saturday,4,Zanahorias,Frutas y Verduras,3.25,2800,16.25
830,2024-11-02,55,20,1,5,Completa,44,11,Saturday,4,Lechugas,Frutas y Verduras,4.25,1541,4.25
1304,2024-11-02,19,21,6,5,Completa,44,11,Saturday,4,Zanahorias,Frutas y Verduras,3.25,2800,19.5
1445,2024-11-02,104,12,2,5,Pendiente,44,11,Saturday,4,Pan francés,Panadería,8.12,1619,16.24
1869,2024-11-02,205,16,4,5,Completa,44,11,Saturday,4,Tortas,Panadería,15.23,3189,60.92
2987,2024-11-02,2,12,3,5,Completa,44,11,Saturday,4,Pan francés,Panadería,8.12,1619,24.36
775,2024-11-03,71,17,6,2,Completa,44,11,Sunday,4,Manzanas,Frutas y Verduras,6.54,3383,39.24
834,2024-11-03,111,25,4,1,Completa,44,11,Sunday,4,Pizza congelada,Congelados,15.45,1640,61.8
890,2024-11-03,296,7,5,4,Completa,44,11,Sunday,4,Chorizo,Carnicería,11.25,4068,56.25
1029,2024-11-03,9,29,1,5,Pendiente,44,11,Sunday,4,Cerveza,Bebidas,11.54,2455,11.54
1161,2024-11-03,277,26,6,4,Completa,44,11,Sunday,4,Hamburgesas congeladas,Congelados,9.54,1688,57.239999999999995
1396,2024-11-03,209,9,1,5,Completa,44,11,Sunday,4,Pollo,Carnicería,18.56,4051,18.56
1489,2024-11-03,22,8,4,5,Completa,44,11,Sunday,4,Milanesa,Carnicería,16.21,3140,64.84
1711,2024-11-03,183,19,4,4,Completa,44,11,Sunday,4,Tomates,Frutas y Verduras,6.54,4041,26.16
2011,2024-11-03,322,8,6,3,Pendiente,44,11,Sunday,4,Milanesa,Carnicería,16.21,3140,97.26
2063,2024-11-03,8,32,1,1,Completa,44,11,Sunday,4,Galletitas de chocolate,Galletitas y Snacks,6.25,5057,6.25
2753,2024-11-03,319,5,3,4,Completa,44,11,Sunday,4,Manteca,Lácteos,5.65,4929,16.950000000000003
20,2024-11-04,122,7,6,2,Completa,45,11,Monday,4,Chorizo,Carnicería,11.25,4068,67.5
76,2024-11-04,147,36,5,3,Completa,45,11,Monday,4,Lentejas,Conservas,3.25,4578,16.25
158,2024-11-04,319,26,2,5,Pendiente,45,11,Monday,4,Hamburgesas congeladas,Congelados,9.54,1688,19.08
544,2024-11-04,252,26,3,4,Completa,45,11,Monday,4,Hamburgesas congeladas,Congelados,9.54,1688,28.619999999999997
982,2024-11-04,245,19,3,4,Completa,45,11,Monday,4,Tomates,Frutas y Verduras,6.54,4041,19.62
1490,2024-11-04,255,7,3,3,Completa,45,11,Monday,4,Chorizo,Carnicería,11.25,4068,33.75
1573,2024-11-04,298,24,4,4,Completa,45,11,Monday,4,Empanadas,Congelados,13.54,2908,54.16
1832,2024-11-04,173,22,1,3,Completa,45,11,Monday,4,Cebolla,Frutas y Verduras,4.21,3545,4.21
2121,2024-11-04,261,30,5,4,Completa,45,11,Monday,4,Vino tinto,Bebidas,13.54,1363,67.69999999999999
791,2024-11-05,210,32,2,4,Completa,45,11,Tuesday,4,Galletitas de chocolate,Galletitas y Snacks,6.25,5057,12.5
1073,2024-11-05,173,35,5,5,Pendiente,45,11,Tuesday,4,Arroz,Conservas,4.25,1437,21.25
1364,2024-11-05,65,33,3,1,Completa,45,11,Tuesday,4,Papas chips,Galletitas y Snacks,8.54,2837,25.619999999999997
1939,2024-11-05,141,27,5,5,Completa,45,11,Tuesday,4,Agua mineral,Bebidas,6.21,4978,31.05
2030,2024-11-05,70,1,6,5,Pendiente,45,11,Tuesday,4,Leche,Lácteos,12.24,3327,73.44
2445,2024-11-05,56,14,3,4,Completa,45,11,Tuesday,4,Facturas,Panadería,12.36,3125,37.08
2603,2024-11-05,156,37,1,1,Pendiente,45,11,Tuesday,4,Garbanzos,Conservas,3.65,1506,3.65
2644,2024-11-05,69,21,2,4,Completa,45,11,Tuesday,4,Zanahorias,Frutas y Verduras,3.25,2800,6.5
2646,2024-11-05,228,10,4,5,Completa,45,11,Tuesday,4,Costilla de cerdo,Carnicería,14.25,2429,57.0
2859,2024-11-05,280,16,3,5,Completa,45,11,Tuesday,4,Tortas,Panadería,15.23,3189,45.69
2904,2024-11-05,165,34,6,4,Completa,45,11,Tuesday,4,Maníes,Galletitas y Snacks,5.45,4769,32.7
155,2024-11-06,125,2,5,3,Pendiente,45,11,Wednesday,4,Yogur,Lácteos,5.21,3358,26.05
480,2024-11-06,161,12,2,2,Completa,45,11,Wednesday,4,Pan francés,Panadería,8.12,1619,16.24
980,2024-11-06,119,6,4,4,Completa,45,11,Wednesday,4,Asado,Carnicería,28.56,5137,114.24
1298,2024-11-06,216,18,1,5,Completa,45,11,Wednesday,4,Bananas,Frutas y Verduras,7.25,4720,7.25
1342,2024-11-06,119,23,6,1,Completa,45,11,Wednesday,4,Papas fritas,Congelados,8.23,3731,49.38
1645,2024-11-06,13,12,2,5,Completa,45,11,Wednesday,4,Pan francés,Panadería,8.12,1619,16.24
1818,2024-11-06,279,22,3,4,Completa,45,11,Wednesday,4,Cebolla,Frutas y Verduras,4.21,3545,12.629999999999999
2500,2024-11-06,20,23,4,5,Completa,45,11,Wednesday,4,Papas fritas,Congelados,8.23,3731,32.92
2597,2024-11-06,80,22,6,4,Completa,45,11,Wednesday,4,Cebolla,Frutas y Verduras,4.21,3545,25.259999999999998
2631,2024-11-06,27,22,3,4,Completa,45,11,Wednesday,4,Cebolla,Frutas y Verduras,4.21,3545,12.629999999999999
2983,2024-11-06,234,20,3,3,Completa,45,11,Wednesday,4,Lechugas,Frutas y Verduras,4.25,1541,12.75
101,2024-11-07,281,36,1,5,Completa,45,11,Thursday,4,Lentejas,Conservas,3.25,4578,3.25
401,2024-11-07,27,27,6,4,Completa,45,11,Thursday,4,Agua mineral,Bebidas,6.21,4978,37.26
509,2024-11-07,136,38,3,5,Completa,45,11,Thursday,4,Atún enlatado,Conservas,6.21,2182,18.63
667,2024-11-07,189,16,5,3,Completa,45,11,Thursday,4,Tortas,Panadería,15.23,3189,76.15
1215,2024-11-07,297,17,6,3,Pendiente,45,11,Thursday,4,Manzanas,Frutas y Verduras,6.54,3383,39.24
1418,2024-11-07,111,37,1,5,Pendiente,45,11,Thursday,4,Garbanzos,Conservas,3.65,1506,3.65
1965,2024-11-07,185,36,5,4,Completa,45,11,Thursday,4,Lentejas,Conservas,3.25,4578,16.25
2031,2024-11-07,190,33,3,5,Completa,45,11,Thursday,4,Papas chips,Galletitas y Snacks,8.54,2837,25.619999999999997
250,2024-11-08,313,24,3,5,Pendiente,45,11,Friday,4,Empanadas,Congelados,13.54,2908,40.62
278,2024-11-08,180,19,3,1,Completa,45,11,Friday,4,Tomates,Frutas y Verduras,6.54,4041,19.62
366,2024-11-08,111,37,4,4,Completa,45,11,Friday,4,Garbanzos,Conservas,3.65,1506,14.6
467,2024-11-08,271,34,6,4,Completa,45,11,Friday,4,Maníes,Galletitas y Snacks,5.45,4769,32.7
698,2024-11-08,225,20,6,1,Pendiente,45,11,Friday,4,Lechugas,Frutas y Verduras,4.25,1541,25.5
1721,2024-11-08,46,30,4,1,Completa,45,11,Friday,4,Vino tinto,Bebidas,13.54,1363,54.16
2124,2024-11-08,70,10,3,4,Completa,45,11,Friday,4,Costilla de cerdo,Carnicería,14.25,2429,42.75
2228,2024-11-08,155,29,4,4,Completa,45,11,Friday,4,Cerveza,Bebidas,11.54,2455,46.16
2960,2024-11-08,240,38,5,4,Completa,45,11,Friday,4,Atún enlatado,Conservas,6.21,2182,31.05
176,2024-11-09,68,33,6,5,Completa,45,11,Saturday,4,Papas chips,Galletitas y Snacks,8.54,2837,51.239999999999995
188,2024-11-09,323,36,5,5,Pendiente,45,11,Saturday,4,Lentejas,Conservas,3.25,4578,16.25
446,2024-11-09,234,25,3,1,Completa,45,11,Saturday,4,Pizza congelada,Congelados,15.45,1640,46.349999999999994
638,2024-11-09,236,26,6,4,Completa,45,11,Saturday,4,Hamburgesas congeladas,Congelados,9.54,1688,57.239999999999995
687,2024-11-09,43,30,2,1,Completa,45,11,Saturday,4,Vino tinto,Bebidas,13.54,1363,27.08
835,2024-11-09,224,1,3,5,Completa,45,11,Saturday,4,Leche,Lácteos,12.24,3327,36.72
913,2024-11-09,36,27,5,5,Completa,45,11,Saturday,4,Agua mineral,Bebidas,6.21,4978,31.05
1219,2024-11-09,125,37,4,3,Completa,45,11,Saturday,4,Garbanzos,Conservas,3.65,1506,14.6
2148,2024-11-09,43,16,2,1,Completa,45,11,Saturday,4,Tortas,Panadería,15.23,3189,30.46
2296,2024-11-09,254,13,3,5,Completa,45,11,Saturday,4,Pan integral,Panadería,12.56,2228,37.68
2367,2024-11-09,83,20,4,1,Completa,45,11,Saturday,4,Lechugas,Frutas y Verduras,4.25,1541,17.0
2696,2024-11-09,86,5,2,5,Completa,45,11,Saturday,4,Manteca,Lácteos,5.65,4929,11.3
658,2024-11-10,29,24,5,5,Completa,45,11,Sunday,4,Empanadas,Congelados,13.54,2908,67.69999999999999
709,2024-11-10,20,13,2,3,Completa,45,11,Sunday,4,Pan integral,Panadería,12.56,2228,25.12
1032,2024-11-10,20,8,2,5,Completa,45,11,Sunday,4,Milanesa,Carnicería,16.21,3140,32.42
1158,2024-11-10,88,17,5,3,Completa,45,11,Sunday,4,Manzanas,Frutas y Verduras,6.54,3383,32.7
1231,2024-11-10,242,16,3,4,Cancelada,45,11,Sunday,4,Tortas,Panadería,15.23,3189,45.69
1982,2024-11-10,283,26,1,3,Completa,45,11,Sunday,4,Hamburgesas congeladas,Congelados,9.54,1688,9.54
2101,2024-11-10,260,6,3,1,Pendiente,45,11,Sunday,4,Asado,Carnicería,28.56,5137,85.67999999999999
2195,2024-11-10,197,35,3,1,Pendiente,45,11,Sunday,4,Arroz,Conservas,4.25,1437,12.75
2468,2024-11-10,307,32,2,3,Completa,45,11,Sunday,4,Galletitas de chocolate,Galletitas y Snacks,6.25,5057,12.5
2621,2024-11-10,112,23,2,5,Pendiente,45,11,Sunday,4,Papas fritas,Congelados,8.23,3731,16.46
2759,2024-11-10,170,15,3,1,Completa,45,11,Sunday,4,Medialunas,Panadería,3.51,4043,10.53
477,2024-11-11,102,6,6,4,Completa,46,11,Monday,4,Asado,Carnicería,28.56,5137,171.35999999999999
891,2024-11-11,79,32,3,4,Completa,46,11,Monday,4,Galletitas de chocolate,Galletitas y Snacks,6.25,5057,18.75
940,2024-11-11,220,29,4,2,Completa,46,11,Monday,4,Cerveza,Bebidas,11.54,2455,46.16
1480,2024-11-11,113,17,3,1,Completa,46,11,Monday,4,Manzanas,Frutas y Verduras,6.54,3383,19.62
2292,2024-11-11,225,8,5,5,Completa,46,11,Monday,4,Milanesa,Carnicería,16.21,3140,81.05000000000001
12,2024-11-12,247,20,5,1,Completa,46,11,Tuesday,4,Lechugas,Frutas y Verduras,4.25,1541,21.25
672,2024-11-12,63,38,2,5,Pendiente,46,11,Tuesday,4,Atún enlatado,Conservas,6.21,2182,12.42
781,2024-11-12,68,12,5,4,Completa,46,11,Tuesday,4,Pan francés,Panadería,8.12,1619,40.599999999999994
1654,2024-11-12,183,10,1,3,Cancelada,46,11,Tuesday,4,Costilla de cerdo,Carnicería,14.25,2429,14.25
1662,2024-11-12,133,26,5,4,Pendiente,46,11,Tuesday,4,Hamburgesas congeladas,Congelados,9.54,1688,47.699999999999996
1910,2024-11-12,292,38,4,5,Completa,46,11,Tuesday,4,Atún enlatado,Conservas,6.21,2182,24.84
1927,2024-11-12,59,18,1,5,Pendiente,46,11,Tuesday,4,Bananas,Frutas y Verduras,7.25,4720,7.25
2097,2024-11-12,296,20,1,5,Completa,46,11,Tuesday,4,Lechugas,Frutas y Verduras,4.25,1541,4.25
2363,2024-11-12,59,17,6,5,Pendiente,46,11,Tuesday,4,Manzanas,Frutas y Verduras,6.54,3383,39.24
2417,2024-11-12,307,1,6,2,Completa,46,11,Tuesday,4,Leche,Lácteos,12.24,3327,73.44
2686,2024-11-12,44,15,3,5,Completa,46,11,Tuesday,4,Medialunas,Panadería,3.51,4043,10.53
2730,2024-11-12,224,3,6,5,Pendiente,46,11,Tuesday,4,Queso cremoso,Lácteos,17.23,3167,103.38
107,2024-11-13,7,24,5,5,Completa,46,11,Wednesday,4,Empanadas,Congelados,13.54,2908,67.69999999999999
345,2024-11-13,132,26,6,2,Completa,46,11,Wednesday,4,Hamburgesas congeladas,Congelados,9.54,1688,57.239999999999995
609,2024-11-13,241,34,4,5,Completa,46,11,Wednesday,4,Maníes,Galletitas y Snacks,5.45,4769,21.8
661,2024-11-13,151,21,6,1,Completa,46,11,Wednesday,4,Zanahorias,Frutas y Verduras,3.25,2800,19.5
793,2024-11-13,175,2,2,1,Completa,46,11,Wednesday,4,Yogur,Lácteos,5.21,3358,10.42
814,2024-11-13,262,22,4,5,Completa,46,11,Wednesday,4,Cebolla,Frutas y Verduras,4.21,3545,16.84
1016,2024-11-13,131,4,4,4,Completa,46,11,Wednesday,4,Queso rallado,Lácteos,19.23,2099,76.92
1022,2024-11-13,134,9,4,5,Completa,46,11,Wednesday,4,Pollo,Carnicería,18.56,4051,74.24
1075,2024-11-13,207,18,3,5,Completa,46,11,Wednesday,4,Bananas,Frutas y Verduras,7.25,4720,21.75
1276,2024-11-13,99,4,1,1,Completa,46,11,Wednesday,4,Queso rallado,Lácteos,19.23,2099,19.23
2167,2024-11-13,311,27,1,3,Completa,46,11,Wednesday,4,Agua mineral,Bebidas,6.21,4978,6.21
2262,2024-11-13,222,19,2,4,Completa,46,11,Wednesday,4,Tomates,Frutas y Verduras,6.54,4041,13.08
2298,2024-11-13,140,33,2,3,Completa,46,11,Wednesday,4,Papas chips,Galletitas y Snacks,8.54,2837,17.08
2506,2024-11-13,84,26,1,4,Completa,46,11,Wednesday,4,Hamburgesas congeladas,Congelados,9.54,1688,9.54
2868,2024-11-13,94,25,5,4,Completa,46,11,Wednesday,4,Pizza congelada,Congelados,15.45,1640,77.25
1772,2024-11-14,164,24,2,4,Pendiente,46,11,Thursday,4,Empanadas,Congelados,13.54,2908,27.08
2004,2024-11-14,252,7,2,5,Completa,46,11,Thursday,4,Chorizo,Carnicería,11.25,4068,22.5
2345,2024-11-14,194,2,4,4,Pendiente,46,11,Thursday,4,Yogur,Lácteos,5.21,3358,20.84
2463,2024-11-14,95,27,4,5,Completa,46,11,Thursday,4,Agua mineral,Bebidas,6.21,4978,24.84
2541,2024-11-14,3,38,3,1,Completa,46,11,Thursday,4,Atún enlatado,Conservas,6.21,2182,18.63
2543,2024-11-14,296,32,4,1,Completa,46,11,Thursday,4,Galletitas de chocolate,Galletitas y Snacks,6.25,5057,25.0
2807,2024-11-14,26,7,3,1,Pendiente,46,11,Thursday,4,Chorizo,Carnicería,11.25,4068,33.75
490,2024-11-15,20,5,6,4,Completa,46,11,Friday,4,Manteca,Lácteos,5.65,4929,33.900000000000006
871,2024-11-15,242,25,4,1,Completa,46,11,Friday,4,Pizza congelada,Congelados,15.45,1640,61.8
1420,2024-11-15,277,33,4,4,Completa,46,11,Friday,4,Papas chips,Galletitas y Snacks,8.54,2837,34.16
1488,2024-11-15,162,31,4,1,Completa,46,11,Friday,4,Galletitas de agua,Galletitas y Snacks,5.24,2771,20.96
1883,2024-11-15,2,6,2,1,Completa,46,11,Friday,4,Asado,Carnicería,28.56,5137,57.12
2062,2024-11-15,172,28,1,4,Completa,46,11,Friday,4,Jugos de frutas,Bebidas,9.45,3637,9.45
2805,2024-11-15,256,8,6,4,Completa,46,11,Friday,4,Milanesa,Carnicería,16.21,3140,97.26
747,2024-11-16,84,21,1,5,Completa,46,11,Saturday,4,Zanahorias,Frutas y Verduras,3.25,2800,3.25
1497,2024-11-16,63,37,2,4,Completa,46,11,Saturday,4,Garbanzos,Conservas,3.65,1506,7.3
2207,2024-11-16,149,17,1,4,Pendiente,46,11,Saturday,4,Manzanas,Frutas y Verduras,6.54,3383,6.54
2336,2024-11-16,148,37,4,4,Completa,46,11,Saturday,4,Garbanzos,Conservas,3.65,1506,14.6
2867,2024-11-16,7,17,1,1,Completa,46,11,Saturday,4,Manzanas,Frutas y Verduras,6.54,3383,6.54
2888,2024-11-16,83,28,3,3,Completa,46,11,Saturday,4,Jugos de frutas,Bebidas,9.45,3637,28.349999999999998
513,2024-11-17,278,25,6,4,Completa,46,11,Sunday,4,Pizza congelada,Congelados,15.45,1640,92.69999999999999
983,2024-11-17,11,33,6,1,Completa,46,11,Sunday,4,Papas chips,Galletitas y Snacks,8.54,2837,51.239999999999995
1892,2024-11-17,222,13,1,4,Completa,46,11,Sunday,4,Pan integral,Panadería,12.56,2228,12.56
1993,2024-11-17,99,31,1,1,Completa,46,11,Sunday,4,Galletitas de agua,Galletitas y Snacks,5.24,2771,5.24
2444,2024-11-17,185,4,6,3,Pendiente,46,11,Sunday,4,Queso rallado,Lácteos,19.23,2099,115.38
2456,2024-11-17,243,37,1,1,Pendiente,46,11,Sunday,4,Garbanzos,Conservas,3.65,1506,3.65
65,2024-11-18,205,27,5,3,Completa,47,11,Monday,4,Agua mineral,Bebidas,6.21,4978,31.05
253,2024-11-18,14,15,2,5,Completa,47,11,Monday,4,Medialunas,Panadería,3.51,4043,7.02
443,2024-11-18,263,9,2,4,Completa,47,11,Monday,4,Pollo,Carnicería,18.56,4051,37.12
588,2024-11-18,261,25,2,3,Completa,47,11,Monday,4,Pizza congelada,Congelados,15.45,1640,30.9
1236,2024-11-18,228,29,4,2,Completa,47,11,Monday,4,Cerveza,Bebidas,11.54,2455,46.16
1410,2024-11-18,34,12,4,2,Completa,47,11,Monday,4,Pan francés,Panadería,8.12,1619,32.48
1508,2024-11-18,295,6,4,5,Completa,47,11,Monday,4,Asado,Carnicería,28.56,5137,114.24
1948,2024-11-18,5,19,3,4,Completa,47,11,Monday,4,Tomates,Frutas y Verduras,6.54,4041,19.62
2203,2024-11-18,68,14,5,5,Completa,47,11,Monday,4,Facturas,Panadería,12.36,3125,61.8
2267,2024-11-18,239,23,6,2,Completa,47,11,Monday,4,Papas fritas,Congelados,8.23,3731,49.38
2343,2024-11-18,263,11,1,3,Completa,47,11,Monday,4,Salchicha,Carnicería,11.23,1726,11.23
2742,2024-11-18,25,3,1,3,Completa,47,11,Monday,4,Queso cremoso,Lácteos,17.23,3167,17.23
611,2024-11-19,119,38,6,4,Completa,47,11,Tuesday,4,Atún enlatado,Conservas,6.21,2182,37.26
887,2024-11-19,214,16,6,4,Completa,47,11,Tuesday,4,Tortas,Panadería,15.23,3189,91.38
1623,2024-11-19,315,14,4,4,Completa,47,11,Tuesday,4,Facturas,Panadería,12.36,3125,49.44
2006,2024-11-19,152,33,3,4,Completa,47,11,Tuesday,4,Papas chips,Galletitas y Snacks,8.54,2837,25.619999999999997
2428,2024-11-19,319,5,1,1,Pendiente,47,11,Tuesday,4,Manteca,Lácteos,5.65,4929,5.65
2813,2024-11-19,264,10,2,4,Completa,47,11,Tuesday,4,Costilla de cerdo,Carnicería,14.25,2429,28.5
16,2024-11-20,106,3,1,5,Pendiente,47,11,Wednesday,4,Queso cremoso,Lácteos,17.23,3167,17.23
718,2024-11-20,292,17,1,1,Completa,47,11,Wednesday,4,Manzanas,Frutas y Verduras,6.54,3383,6.54
731,2024-11-20,314,20,2,2,Completa,47,11,Wednesday,4,Lechugas,Frutas y Verduras,4.25,1541,8.5
907,2024-11-20,68,35,3,4,Completa,47,11,Wednesday,4,Arroz,Conservas,4.25,1437,12.75
2000,2024-11-20,151,9,3,3,Completa,47,11,Wednesday,4,Pollo,Carnicería,18.56,4051,55.67999999999999
2431,2024-11-20,31,26,5,2,Completa,47,11,Wednesday,4,Hamburgesas congeladas,Congelados,9.54,1688,47.699999999999996
2535,2024-11-20,118,29,2,3,Completa,47,11,Wednesday,4,Cerveza,Bebidas,11.54,2455,23.08
2637,2024-11-20,316,26,1,1,Completa,47,11,Wednesday,4,Hamburgesas congeladas,Congelados,9.54,1688,9.54
662,2024-11-21,214,34,5,5,Completa,47,11,Thursday,4,Maníes,Galletitas y Snacks,5.45,4769,27.25
690,2024-11-21,166,12,4,3,Completa,47,11,Thursday,4,Pan francés,Panadería,8.12,1619,32.48
797,2024-11-21,267,1,2,5,Completa,47,11,Thursday,4,Leche,Lácteos,12.24,3327,24.48
879,2024-11-21,110,24,4,5,Completa,47,11,Thursday,4,Empanadas,Congelados,13.54,2908,54.16
885,2024-11-21,72,26,3,5,Completa,47,11,Thursday,4,Hamburgesas congeladas,Congelados,9.54,1688,28.619999999999997
1173,2024-11-21,193,11,6,4,Pendiente,47,11,Thursday,4,Salchicha,Carnicería,11.23,1726,67.38
1554,2024-11-21,212,33,1,1,Completa,47,11,Thursday,4,Papas chips,Galletitas y Snacks,8.54,2837,8.54
1815,2024-11-21,93,1,4,3,Pendiente,47,11,Thursday,4,Leche,Lácteos,12.24,3327,48.96
2001,2024-11-21,271,6,1,4,Completa,47,11,Thursday,4,Asado,Carnicería,28.56,5137,28.56
2079,2024-11-21,11,11,5,2,Pendiente,47,11,Thursday,4,Salchicha,Carnicería,11.23,1726,56.150000000000006
2100,2024-11-21,260,24,6,2,Pendiente,47,11,Thursday,4,Empanadas,Congelados,13.54,2908,81.24
2619,2024-11-21,209,14,4,1,Completa,47,11,Thursday,4,Facturas,Panadería,12.36,3125,49.44
111,2024-11-22,103,29,5,2,Completa,47,11,Friday,4,Cerveza,Bebidas,11.54,2455,57.699999999999996
846,2024-11-22,266,1,4,1,Completa,47,11,Friday,4,Leche,Lácteos,12.24,3327,48.96
1296,2024-11-22,174,12,5,3,Pendiente,47,11,Friday,4,Pan francés,Panadería,8.12,1619,40.599999999999994
2125,2024-11-22,231,5,5,5,Completa,47,11,Friday,4,Manteca,Lácteos,5.65,4929,28.25
2347,2024-11-22,122,23,2,5,Completa,47,11,Friday,4,Papas fritas,Congelados,8.23,3731,16.46
127,2024-11-23,95,1,3,5,Pendiente,47,11,Saturday,4,Leche,Lácteos,12.24,3327,36.72
231,2024-11-23,39,31,3,1,Pendiente,47,11,Saturday,4,Galletitas de agua,Galletitas y Snacks,5.24,2771,15.72
341,2024-11-23,315,5,4,2,Completa,47,11,Saturday,4,Manteca,Lácteos,5.65,4929,22.6
1178,2024-11-23,249,32,1,5,Pendiente,47,11,Saturday,4,Galletitas de chocolate,Galletitas y Snacks,6.25,5057,6.25
1378,2024-11-23,95,5,3,5,Completa,47,11,Saturday,4,Manteca,Lácteos,5.65,4929,16.950000000000003
1428,2024-11-23,266,37,2,1,Completa,47,11,Saturday,4,Garbanzos,Conservas,3.65,1506,7.3
1578,2024-11-23,283,27,3,3,Completa,47,11,Saturday,4,Agua mineral,Bebidas,6.21,4978,18.63
1630,2024-11-23,317,7,1,1,Completa,47,11,Saturday,4,Chorizo,Carnicería,11.25,4068,11.25
256,2024-11-24,34,8,5,5,Pendiente,47,11,Sunday,4,Milanesa,Carnicería,16.21,3140,81.05000000000001
1413,2024-11-24,175,8,5,1,Completa,47,11,Sunday,4,Milanesa,Carnicería,16.21,3140,81.05000000000001
1697,2024-11-24,173,13,1,5,Pendiente,47,11,Sunday,4,Pan integral,Panadería,12.56,2228,12.56
1893,2024-11-24,245,38,4,5,Completa,47,11,Sunday,4,Atún enlatado,Conservas,6.21,2182,24.84
1953,2024-11-24,71,32,1,5,Completa,47,11,Sunday,4,Galletitas de chocolate,Galletitas y Snacks,6.25,5057,6.25
1958,2024-11-24,310,23,5,4,Completa,47,11,Sunday,4,Papas fritas,Congelados,8.23,3731,41.150000000000006
2307,2024-11-24,182,19,2,1,Completa,47,11,Sunday,4,Tomates,Frutas y Verduras,6.54,4041,13.08
2562,2024-11-24,79,36,6,1,Completa,47,11,Sunday,4,Lentejas,Conservas,3.25,4578,19.5
120,2024-11-25,16,38,4,2,Pendiente,48,11,Monday,4,Atún enlatado,Conservas,6.21,2182,24.84
440,2024-11-25,269,30,1,3,Completa,48,11,Monday,4,Vino tinto,Bebidas,13.54,1363,13.54
558,2024-11-25,33,26,5,1,Pendiente,48,11,Monday,4,Hamburgesas congeladas,Congelados,9.54,1688,47.699999999999996
704,2024-11-25,105,30,6,1,Completa,48,11,Monday,4,Vino tinto,Bebidas,13.54,1363,81.24
874,2024-11-25,326,26,6,5,Pendiente,48,11,Monday,4,Hamburgesas congeladas,Congelados,9.54,1688,57.239999999999995
1150,2024-11-25,274,12,3,5,Pendiente,48,11,Monday,4,Pan francés,Panadería,8.12,1619,24.36
1251,2024-11-25,290,21,4,5,Completa,48,11,Monday,4,Zanahorias,Frutas y Verduras,3.25,2800,13.0
1592,2024-11-25,27,9,6,5,Completa,48,11,Monday,4,Pollo,Carnicería,18.56,4051,111.35999999999999
2694,2024-11-25,52,25,4,2,Completa,48,11,Monday,4,Pizza congelada,Congelados,15.45,1640,61.8
2797,2024-11-25,10,17,2,4,Completa,48,11,Monday,4,Manzanas,Frutas y Verduras,6.54,3383,13.08
115,2024-11-26,19,21,4,3,Completa,48,11,Tuesday,4,Zanahorias,Frutas y Verduras,3.25,2800,13.0
200,2024-11-26,142,35,6,2,Completa,48,11,Tuesday,4,Arroz,Conservas,4.25,1437,25.5
501,2024-11-26,317,35,5,4,Completa,48,11,Tuesday,4,Arroz,Conservas,4.25,1437,21.25
1105,2024-11-26,247,26,3,1,Completa,48,11,Tuesday,4,Hamburgesas congeladas,Congelados,9.54,1688,28.619999999999997
1637,2024-11-26,293,20,2,1,Completa,48,11,Tuesday,4,Lechugas,Frutas y Verduras,4.25,1541,8.5
1784,2024-11-26,179,30,6,4,Completa,48,11,Tuesday,4,Vino tinto,Bebidas,13.54,1363,81.24
2698,2024-11-26,146,28,5,2,Completa,48,11,Tuesday,4,Jugos de frutas,Bebidas,9.45,3637,47.25
2871,2024-11-26,219,5,3,3,Completa,48,11,Tuesday,4,Manteca,Lácteos,5.65,4929,16.950000000000003
2939,2024-11-26,279,34,1,5,Completa,48,11,Tuesday,4,Maníes,Galletitas y Snacks,5.45,4769,5.45
1566,2024-11-27,206,10,5,5,Pendiente,48,11,Wednesday,4,Costilla de cerdo,Carnicería,14.25,2429,71.25
2230,2024-11-27,24,18,2,4,Completa,48,11,Wednesday,4,Bananas,Frutas y Verduras,7.25,4720,14.5
2464,2024-11-27,18,34,6,4,Completa,48,11,Wednesday,4,Maníes,Galletitas y Snacks,5.45,4769,32.7
2825,2024-11-27,207,30,2,4,Pendiente,48,11,Wednesday,4,Vino tinto,Bebidas,13.54,1363,27.08
2998,2024-11-27,228,22,1,1,Completa,48,11,Wednesday,4,Cebolla,Frutas y Verduras,4.21,3545,4.21
221,2024-11-28,31,4,2,1,Completa,48,11,Thursday,4,Queso rallado,Lácteos,19.23,2099,38.46
319,2024-11-28,199,12,4,4,Completa,48,11,Thursday,4,Pan francés,Panadería,8.12,1619,32.48
942,2024-11-28,5,34,3,3,Completa,48,11,Thursday,4,Maníes,Galletitas y Snacks,5.45,4769,16.35
1370,2024-11-28,250,1,4,5,Completa,48,11,Thursday,4,Leche,Lácteos,12.24,3327,48.96
1521,2024-11-28,168,5,6,2,Completa,48,11,Thursday,4,Manteca,Lácteos,5.65,4929,33.900000000000006
1669,2024-11-28,93,7,6,4,Completa,48,11,Thursday,4,Chorizo,Carnicería,11.25,4068,67.5
2369,2024-11-28,283,34,3,4,Completa,48,11,Thursday,4,Maníes,Galletitas y Snacks,5.45,4769,16.35
2410,2024-11-28,93,35,2,1,Pendiente,48,11,Thursday,4,Arroz,Conservas,4.25,1437,8.5
2595,2024-11-28,196,32,5,4,Completa,48,11,Thursday,4,Galletitas de chocolate,Galletitas y Snacks,6.25,5057,31.25
161,2024-11-29,134,14,5,3,Completa,48,11,Friday,4,Facturas,Panadería,12.36,3125,61.8
465,2024-11-29,93,30,6,3,Completa,48,11,Friday,4,Vino tinto,Bebidas,13.54,1363,81.24
845,2024-11-29,318,32,4,5,Completa,48,11,Friday,4,Galletitas de chocolate,Galletitas y Snacks,6.25,5057,25.0
1170,2024-11-29,17,26,4,2,Completa,48,11,Friday,4,Hamburgesas congeladas,Congelados,9.54,1688,38.16
2129,2024-11-29,49,36,4,4,Completa,48,11,Friday,4,Lentejas,Conservas,3.25,4578,13.0
2144,2024-11-29,281,24,4,4,Completa,48,11,Friday,4,Empanadas,Congelados,13.54,2908,54.16
2754,2024-11-29,95,26,2,4,Completa,48,11,Friday,4,Hamburgesas congeladas,Congelados,9.54,1688,19.08
2842,2024-11-29,185,3,2,4,Completa,48,11,Friday,4,Queso cremoso,Lácteos,17.23,3167,34.46
2985,2024-11-29,186,17,2,4,Completa,48,11,Friday,4,Manzanas,Frutas y Verduras,6.54,3383,13.08
1694,2024-11-30,64,28,5,1,Completa,48,11,Saturday,4,Jugos de frutas,Bebidas,9.45,3637,47.25
1811,2024-11-30,321,18,4,1,Completa,48,11,Saturday,4,Bananas,Frutas y Verduras,7.25,4720,29.0
2322,2024-11-30,63,7,6,4,Pendiente,48,11,Saturday,4,Chorizo,Carnicería,11.25,4068,67.5
2353,2024-11-30,39,33,3,2,Completa,48,11,Saturday,4,Papas chips,Galletitas y Snacks,8.54,2837,25.619999999999997
2425,2024-11-30,132,24,2,4,Completa,48,11,Saturday,4,Empanadas,Congelados,13.54,2908,27.08
2764,2024-11-30,50,1,1,4,Pendiente,48,11,Saturday,4,Leche,Lácteos,12.24,3327,12.24
2984,2024-11-30,95,36,3,5,Completa,48,11,Saturday,4,Lentejas,Conservas,3.25,4578,9.75
151,2024-12-01,317,20,2,2,Completa,48,12,Sunday,4,Lechugas,Frutas y Verduras,4.25,1541,8.5
196,2024-12-01,104,27,4,1,Completa,48,12,Sunday,4,Agua mineral,Bebidas,6.21,4978,24.84
390,2024-12-01,74,26,4,4,Completa,48,12,Sunday,4,Hamburgesas congeladas,Congelados,9.54,1688,38.16
404,2024-12-01,72,29,3,1,Pendiente,48,12,Sunday,4,Cerveza,Bebidas,11.54,2455,34.62
937,2024-12-01,261,27,4,2,Completa,48,12,Sunday,4,Agua mineral,Bebidas,6.21,4978,24.84
1113,2024-12-01,4,17,2,1,Completa,48,12,Sunday,4,Manzanas,Frutas y Verduras,6.54,3383,13.08
1383,2024-12-01,185,10,3,4,Completa,48,12,Sunday,4,Costilla de cerdo,Carnicería,14.25,2429,42.75
1455,2024-12-01,271,29,4,4,Completa,48,12,Sunday,4,Cerveza,Bebidas,11.54,2455,46.16
1542,2024-12-01,250,33,4,1,Completa,48,12,Sunday,4,Papas chips,Galletitas y Snacks,8.54,2837,34.16
1820,2024-12-01,170,30,2,1,Completa,48,12,Sunday,4,Vino tinto,Bebidas,13.54,1363,27.08
1959,2024-12-01,58,16,6,5,Completa,48,12,Sunday,4,Tortas,Panadería,15.23,3189,91.38
2039,2024-12-01,88,12,3,1,Completa,48,12,Sunday,4,Pan francés,Panadería,8.12,1619,24.36
2906,2024-12-01,290,1,4,1,Completa,48,12,Sunday,4,Leche,Lácteos,12.24,3327,48.96
2912,2024-12-01,39,26,2,5,Completa,48,12,Sunday,4,Hamburgesas congeladas,Congelados,9.54,1688,19.08
483,2024-12-02,230,25,6,4,Completa,49,12,Monday,4,Pizza congelada,Congelados,15.45,1640,92.69999999999999
496,2024-12-02,137,33,1,5,Completa,49,12,Monday,4,Papas chips,Galletitas y Snacks,8.54,2837,8.54
924,2024-12-02,90,1,2,3,Completa,49,12,Monday,4,Leche,Lácteos,12.24,3327,24.48
990,2024-12-02,136,27,6,4,Completa,49,12,Monday,4,Agua mineral,Bebidas,6.21,4978,37.26
1267,2024-12-02,130,1,2,5,Completa,49,12,Monday,4,Leche,Lácteos,12.24,3327,24.48
1273,2024-12-02,289,29,3,1,Completa,49,12,Monday,4,Cerveza,Bebidas,11.54,2455,34.62
1884,2024-12-02,98,33,5,3,Completa,49,12,Monday,4,Papas chips,Galletitas y Snacks,8.54,2837,42.699999999999996
2856,2024-12-02,87,36,5,4,Completa,49,12,Monday,4,Lentejas,Conservas,3.25,4578,16.25
3000,2024-12-02,266,31,2,1,Pendiente,49,12,Monday,4,Galletitas de agua,Galletitas y Snacks,5.24,2771,10.48
7,2024-12-03,43,23,6,5,Completa,49,12,Tuesday,4,Papas fritas,Congelados,8.23,3731,49.38
693,2024-12-03,15,7,4,5,Completa,49,12,Tuesday,4,Chorizo,Carnicería,11.25,4068,45.0
1292,2024-12-03,287,24,3,4,Completa,49,12,Tuesday,4,Empanadas,Congelados,13.54,2908,40.62
1507,2024-12-03,145,25,4,3,Completa,49,12,Tuesday,4,Pizza congelada,Congelados,15.45,1640,61.8
2028,2024-12-03,226,16,3,3,Completa,49,12,Tuesday,4,Tortas,Panadería,15.23,3189,45.69
2573,2024-12-03,143,7,1,2,Completa,49,12,Tuesday,4,Chorizo,Carnicería,11.25,4068,11.25
2817,2024-12-03,254,18,2,1,Pendiente,49,12,Tuesday,4,Bananas,Frutas y Verduras,7.25,4720,14.5
64,2024-12-04,82,24,4,1,Completa,49,12,Wednesday,4,Empanadas,Congelados,13.54,2908,54.16
122,2024-12-04,237,14,5,1,Completa,49,12,Wednesday,4,Facturas,Panadería,12.36,3125,61.8
847,2024-12-04,244,29,3,5,Completa,49,12,Wednesday,4,Cerveza,Bebidas,11.54,2455,34.62
1056,2024-12-04,46,8,2,5,Completa,49,12,Wednesday,4,Milanesa,Carnicería,16.21,3140,32.42
2250,2024-12-04,276,4,4,5,Completa,49,12,Wednesday,4,Queso rallado,Lácteos,19.23,2099,76.92
2297,2024-12-04,69,23,2,5,Completa,49,12,Wednesday,4,Papas fritas,Congelados,8.23,3731,16.46
2349,2024-12-04,90,9,5,1,Completa,49,12,Wednesday,4,Pollo,Carnicería,18.56,4051,92.8
2591,2024-12-04,305,9,6,5,Completa,49,12,Wednesday,4,Pollo,Carnicería,18.56,4051,111.35999999999999
424,2024-12-05,259,2,5,3,Completa,49,12,Thursday,4,Yogur,Lácteos,5.21,3358,26.05
782,2024-12-05,12,2,3,5,Completa,49,12,Thursday,4,Yogur,Lácteos,5.21,3358,15.629999999999999
915,2024-12-05,75,14,3,4,Completa,49,12,Thursday,4,Facturas,Panadería,12.36,3125,37.08
1240,2024-12-05,56,28,1,5,Completa,49,12,Thursday,4,Jugos de frutas,Bebidas,9.45,3637,9.45
2010,2024-12-05,9,4,3,3,Completa,49,12,Thursday,4,Queso rallado,Lácteos,19.23,2099,57.69
2173,2024-12-05,128,25,1,5,Completa,49,12,Thursday,4,Pizza congelada,Congelados,15.45,1640,15.45
2217,2024-12-05,198,6,6,3,Completa,49,12,Thursday,4,Asado,Carnicería,28.56,5137,171.35999999999999
2706,2024-12-05,21,24,4,4,Pendiente,49,12,Thursday,4,Empanadas,Congelados,13.54,2908,54.16
269,2024-12-06,66,15,2,1,Completa,49,12,Friday,4,Medialunas,Panadería,3.51,4043,7.02
643,2024-12-06,93,15,5,2,Completa,49,12,Friday,4,Medialunas,Panadería,3.51,4043,17.549999999999997
742,2024-12-06,45,11,5,5,Completa,49,12,Friday,4,Salchicha,Carnicería,11.23,1726,56.150000000000006
1201,2024-12-06,161,10,1,3,Completa,49,12,Friday,4,Costilla de cerdo,Carnicería,14.25,2429,14.25
2380,2024-12-06,175,12,5,3,Completa,49,12,Friday,4,Pan francés,Panadería,8.12,1619,40.599999999999994
2517,2024-12-06,308,3,2,4,Pendiente,49,12,Friday,4,Queso cremoso,Lácteos,17.23,3167,34.46
145,2024-12-07,257,13,4,3,Completa,49,12,Saturday,4,Pan integral,Panadería,12.56,2228,50.24
264,2024-12-07,275,24,4,4,Completa,49,12,Saturday,4,Empanadas,Congelados,13.54,2908,54.16
1002,2024-12-07,7,19,3,4,Completa,49,12,Saturday,4,Tomates,Frutas y Verduras,6.54,4041,19.62
1879,2024-12-07,160,4,4,4,Completa,49,12,Saturday,4,Queso rallado,Lácteos,19.23,2099,76.92
2012,2024-12-07,210,33,4,4,Completa,49,12,Saturday,4,Papas chips,Galletitas y Snacks,8.54,2837,34.16
2179,2024-12-07,150,23,4,4,Completa,49,12,Saturday,4,Papas fritas,Congelados,8.23,3731,32.92
2608,2024-12-07,222,12,4,3,Completa,49,12,Saturday,4,Pan francés,Panadería,8.12,1619,32.48
167,2024-12-08,1,28,4,5,Completa,49,12,Sunday,4,Jugos de frutas,Bebidas,9.45,3637,37.8
222,2024-12-08,260,11,2,4,Completa,49,12,Sunday,4,Salchicha,Carnicería,11.23,1726,22.46
813,2024-12-08,168,22,3,3,Completa,49,12,Sunday,4,Cebolla,Frutas y Verduras,4.21,3545,12.629999999999999
843,2024-12-08,7,3,1,2,Completa,49,12,Sunday,4,Queso cremoso,Lácteos,17.23,3167,17.23
1154,2024-12-08,260,15,1,5,Completa,49,12,Sunday,4,Medialunas,Panadería,3.51,4043,3.51
1468,2024-12-08,3,38,2,3,Completa,49,12,Sunday,4,Atún enlatado,Conservas,6.21,2182,12.42
2318,2024-12-08,18,9,4,3,Completa,49,12,Sunday,4,Pollo,Carnicería,18.56,4051,74.24
2378,2024-12-08,31,2,1,5,Pendiente,49,12,Sunday,4,Yogur,Lácteos,5.21,3358,5.21
2483,2024-12-08,14,13,3,4,Completa,49,12,Sunday,4,Pan integral,Panadería,12.56,2228,37.68
2893,2024-12-08,221,15,2,4,Completa,49,12,Sunday,4,Medialunas,Panadería,3.51,4043,7.02
347,2024-12-09,204,1,1,1,Completa,50,12,Monday,4,Leche,Lácteos,12.24,3327,12.24
369,2024-12-09,96,10,1,5,Completa,50,12,Monday,4,Costilla de cerdo,Carnicería,14.25,2429,14.25
436,2024-12-09,190,37,4,5,Completa,50,12,Monday,4,Garbanzos,Conservas,3.65,1506,14.6
1011,2024-12-09,190,1,3,4,Completa,50,12,Monday,4,Leche,Lácteos,12.24,3327,36.72
1063,2024-12-09,115,21,2,2,Completa,50,12,Monday,4,Zanahorias,Frutas y Verduras,3.25,2800,6.5
1256,2024-12-09,227,36,4,5,Completa,50,12,Monday,4,Lentejas,Conservas,3.25,4578,13.0
1769,2024-12-09,284,27,4,3,Pendiente,50,12,Monday,4,Agua mineral,Bebidas,6.21,4978,24.84
1771,2024-12-09,169,21,1,3,Completa,50,12,Monday,4,Zanahorias,Frutas y Verduras,3.25,2800,3.25
1914,2024-12-09,212,28,3,1,Completa,50,12,Monday,4,Jugos de frutas,Bebidas,9.45,3637,28.349999999999998
2271,2024-12-09,45,36,1,3,Completa,50,12,Monday,4,Lentejas,Conservas,3.25,4578,3.25
2551,2024-12-09,171,9,2,1,Completa,50,12,Monday,4,Pollo,Carnicería,18.56,4051,37.12
2593,2024-12-09,312,2,6,2,Completa,50,12,Monday,4,Yogur,Lácteos,5.21,3358,31.259999999999998
2834,2024-12-09,123,26,1,3,Completa,50,12,Monday,4,Hamburgesas congeladas,Congelados,9.54,1688,9.54
318,2024-12-10,258,1,5,1,Completa,50,12,Tuesday,4,Leche,Lácteos,12.24,3327,61.2
1043,2024-12-10,96,21,4,5,Completa,50,12,Tuesday,4,Zanahorias,Frutas y Verduras,3.25,2800,13.0
1057,2024-12-10,265,4,4,2,Completa,50,12,Tuesday,4,Queso rallado,Lácteos,19.23,2099,76.92
1284,2024-12-10,147,11,2,5,Pendiente,50,12,Tuesday,4,Salchicha,Carnicería,11.23,1726,22.46
1816,2024-12-10,210,6,6,5,Pendiente,50,12,Tuesday,4,Asado,Carnicería,28.56,5137,171.35999999999999
2320,2024-12-10,317,33,2,1,Completa,50,12,Tuesday,4,Papas chips,Galletitas y Snacks,8.54,2837,17.08
374,2024-12-11,17,6,6,1,Completa,50,12,Wednesday,4,Asado,Carnicería,28.56,5137,171.35999999999999
482,2024-12-11,76,38,6,3,Completa,50,12,Wednesday,4,Atún enlatado,Conservas,6.21,2182,37.26
1817,2024-12-11,73,29,6,4,Completa,50,12,Wednesday,4,Cerveza,Bebidas,11.54,2455,69.24
2287,2024-12-11,5,13,5,3,Completa,50,12,Wednesday,4,Pan integral,Panadería,12.56,2228,62.800000000000004
2756,2024-12-11,207,15,2,2,Completa,50,12,Wednesday,4,Medialunas,Panadería,3.51,4043,7.02
2814,2024-12-11,29,32,4,4,Pendiente,50,12,Wednesday,4,Galletitas de chocolate,Galletitas y Snacks,6.25,5057,25.0
229,2024-12-12,153,14,5,4,Completa,50,12,Thursday,4,Facturas,Panadería,12.36,3125,61.8
325,2024-12-12,323,3,2,5,Completa,50,12,Thursday,4,Queso cremoso,Lácteos,17.23,3167,34.46
877,2024-12-12,280,11,6,5,Completa,50,12,Thursday,4,Salchicha,Carnicería,11.23,1726,67.38
1846,2024-12-12,23,12,5,4,Completa,50,12,Thursday,4,Pan francés,Panadería,8.12,1619,40.599999999999994
2486,2024-12-12,81,6,2,1,Completa,50,12,Thursday,4,Asado,Carnicería,28.56,5137,57.12
2675,2024-12-12,285,28,2,1,Completa,50,12,Thursday,4,Jugos de frutas,Bebidas,9.45,3637,18.9
316,2024-12-13,119,29,5,1,Completa,50,12,Friday,4,Cerveza,Bebidas,11.54,2455,57.699999999999996
695,2024-12-13,202,9,3,1,Completa,50,12,Friday,4,Pollo,Carnicería,18.56,4051,55.67999999999999
787,2024-12-13,325,27,6,1,Completa,50,12,Friday,4,Agua mineral,Bebidas,6.21,4978,37.26
1206,2024-12-13,177,25,5,5,Completa,50,12,Friday,4,Pizza congelada,Congelados,15.45,1640,77.25
1532,2024-12-13,218,22,1,5,Completa,50,12,Friday,4,Cebolla,Frutas y Verduras,4.21,3545,4.21
2085,2024-12-13,46,8,1,4,Completa,50,12,Friday,4,Milanesa,Carnicería,16.21,3140,16.21
2233,2024-12-13,1,32,5,3,Completa,50,12,Friday,4,Galletitas de chocolate,Galletitas y Snacks,6.25,5057,31.25
2340,2024-12-13,76,38,6,3,Completa,50,12,Friday,4,Atún enlatado,Conservas,6.21,2182,37.26
2401,2024-12-13,217,35,2,2,Completa,50,12,Friday,4,Arroz,Conservas,4.25,1437,8.5
780,2024-12-14,140,15,3,1,Completa,50,12,Saturday,4,Medialunas,Panadería,3.51,4043,10.53
1706,2024-12-14,94,23,2,5,Completa,50,12,Saturday,4,Papas fritas,Congelados,8.23,3731,16.46
2033,2024-12-14,308,4,4,5,Completa,50,12,Saturday,4,Queso rallado,Lácteos,19.23,2099,76.92
2704,2024-12-14,14,17,5,1,Completa,50,12,Saturday,4,Manzanas,Frutas y Verduras,6.54,3383,32.7
2875,2024-12-14,148,19,1,2,Completa,50,12,Saturday,4,Tomates,Frutas y Verduras,6.54,4041,6.54
195,2024-12-15,71,13,4,2,Completa,50,12,Sunday,4,Pan integral,Panadería,12.56,2228,50.24
218,2024-12-15,36,35,1,2,Completa,50,12,Sunday,4,Arroz,Conservas,4.25,1437,4.25
409,2024-12-15,34,27,6,4,Completa,50,12,Sunday,4,Agua mineral,Bebidas,6.21,4978,37.26
1146,2024-12-15,187,28,3,5,Completa,50,12,Sunday,4,Jugos de frutas,Bebidas,9.45,3637,28.349999999999998
1457,2024-12-15,284,37,1,4,Completa,50,12,Sunday,4,Garbanzos,Conservas,3.65,1506,3.65
1631,2024-12-15,189,36,1,5,Pendiente,50,12,Sunday,4,Lentejas,Conservas,3.25,4578,3.25
1918,2024-12-15,216,3,5,4,Pendiente,50,12,Sunday,4,Queso cremoso,Lácteos,17.23,3167,86.15
138,2024-12-16,148,19,5,5,Completa,51,12,Monday,4,Tomates,Frutas y Verduras,6.54,4041,32.7
332,2024-12-16,309,14,3,5,Completa,51,12,Monday,4,Facturas,Panadería,12.36,3125,37.08
334,2024-12-16,286,24,4,1,Pendiente,51,12,Monday,4,Empanadas,Congelados,13.54,2908,54.16
352,2024-12-16,286,25,6,5,Completa,51,12,Monday,4,Pizza congelada,Congelados,15.45,1640,92.69999999999999
355,2024-12-16,308,25,5,5,Completa,51,12,Monday,4,Pizza congelada,Congelados,15.45,1640,77.25
360,2024-12-16,139,12,1,4,Completa,51,12,Monday,4,Pan francés,Panadería,8.12,1619,8.12
389,2024-12-16,174,7,4,1,Completa,51,12,Monday,4,Chorizo,Carnicería,11.25,4068,45.0
504,2024-12-16,179,18,6,5,Completa,51,12,Monday,4,Bananas,Frutas y Verduras,7.25,4720,43.5
589,2024-12-16,159,16,4,3,Completa,51,12,Monday,4,Tortas,Panadería,15.23,3189,60.92
961,2024-12-16,154,15,3,5,Completa,51,12,Monday,4,Medialunas,Panadería,3.51,4043,10.53
1856,2024-12-16,151,13,6,1,Completa,51,12,Monday,4,Pan integral,Panadería,12.56,2228,75.36
1940,2024-12-16,87,28,5,5,Completa,51,12,Monday,4,Jugos de frutas,Bebidas,9.45,3637,47.25
2016,2024-12-16,58,34,3,1,Completa,51,12,Monday,4,Maníes,Galletitas y Snacks,5.45,4769,16.35
1047,2024-12-17,235,7,2,4,Pendiente,51,12,Tuesday,4,Chorizo,Carnicería,11.25,4068,22.5
1629,2024-12-17,130,6,4,3,Completa,51,12,Tuesday,4,Asado,Carnicería,28.56,5137,114.24
1720,2024-12-17,316,9,4,4,Completa,51,12,Tuesday,4,Pollo,Carnicería,18.56,4051,74.24
1781,2024-12-17,177,15,1,4,Completa,51,12,Tuesday,4,Medialunas,Panadería,3.51,4043,3.51
2421,2024-12-17,268,36,2,4,Completa,51,12,Tuesday,4,Lentejas,Conservas,3.25,4578,6.5
157,2024-12-18,179,18,1,4,Pendiente,51,12,Wednesday,4,Bananas,Frutas y Verduras,7.25,4720,7.25
429,2024-12-18,10,28,3,2,Completa,51,12,Wednesday,4,Jugos de frutas,Bebidas,9.45,3637,28.349999999999998
567,2024-12-18,255,35,5,5,Completa,51,12,Wednesday,4,Arroz,Conservas,4.25,1437,21.25
1478,2024-12-18,40,2,6,1,Completa,51,12,Wednesday,4,Yogur,Lácteos,5.21,3358,31.259999999999998
1886,2024-12-18,68,7,3,5,Pendiente,51,12,Wednesday,4,Chorizo,Carnicería,11.25,4068,33.75
2088,2024-12-18,70,23,4,5,Completa,51,12,Wednesday,4,Papas fritas,Congelados,8.23,3731,32.92
2319,2024-12-18,199,11,6,5,Completa,51,12,Wednesday,4,Salchicha,Carnicería,11.23,1726,67.38
2419,2024-12-18,134,5,2,4,Completa,51,12,Wednesday,4,Manteca,Lácteos,5.65,4929,11.3
2466,2024-12-18,201,2,6,1,Completa,51,12,Wednesday,4,Yogur,Lácteos,5.21,3358,31.259999999999998
55,2024-12-19,264,11,4,1,Completa,51,12,Thursday,4,Salchicha,Carnicería,11.23,1726,44.92
213,2024-12-19,322,21,4,4,Completa,51,12,Thursday,4,Zanahorias,Frutas y Verduras,3.25,2800,13.0
377,2024-12-19,262,12,3,2,Pendiente,51,12,Thursday,4,Pan francés,Panadería,8.12,1619,24.36
384,2024-12-19,146,3,6,4,Completa,51,12,Thursday,4,Queso cremoso,Lácteos,17.23,3167,103.38
868,2024-12-19,287,12,1,5,Completa,51,12,Thursday,4,Pan francés,Panadería,8.12,1619,8.12
914,2024-12-19,203,16,2,4,Pendiente,51,12,Thursday,4,Tortas,Panadería,15.23,3189,30.46
999,2024-12-19,155,38,4,3,Completa,51,12,Thursday,4,Atún enlatado,Conservas,6.21,2182,24.84
1126,2024-12-19,315,34,1,2,Completa,51,12,Thursday,4,Maníes,Galletitas y Snacks,5.45,4769,5.45
1359,2024-12-19,118,14,3,4,Completa,51,12,Thursday,4,Facturas,Panadería,12.36,3125,37.08
1642,2024-12-19,172,22,4,2,Completa,51,12,Thursday,4,Cebolla,Frutas y Verduras,4.21,3545,16.84
1660,2024-12-19,313,17,1,2,Completa,51,12,Thursday,4,Manzanas,Frutas y Verduras,6.54,3383,6.54
1724,2024-12-19,252,29,6,4,Completa,51,12,Thursday,4,Cerveza,Bebidas,11.54,2455,69.24
1807,2024-12-19,205,29,5,5,Completa,51,12,Thursday,4,Cerveza,Bebidas,11.54,2455,57.699999999999996
2358,2024-12-19,316,28,1,5,Completa,51,12,Thursday,4,Jugos de frutas,Bebidas,9.45,3637,9.45
396,2024-12-20,295,1,5,3,Completa,51,12,Friday,4,Leche,Lácteos,12.24,3327,61.2
1389,2024-12-20,78,6,3,5,Completa,51,12,Friday,4,Asado,Carnicería,28.56,5137,85.67999999999999
1451,2024-12-20,131,27,5,5,Completa,51,12,Friday,4,Agua mineral,Bebidas,6.21,4978,31.05
2096,2024-12-20,308,25,5,2,Completa,51,12,Friday,4,Pizza congelada,Congelados,15.45,1640,77.25
2283,2024-12-20,113,6,5,2,Completa,51,12,Friday,4,Asado,Carnicería,28.56,5137,142.79999999999998
2400,2024-12-20,166,38,6,1,Completa,51,12,Friday,4,Atún enlatado,Conservas,6.21,2182,37.26
106,2024-12-21,67,21,6,4,Completa,51,12,Saturday,4,Zanahorias,Frutas y Verduras,3.25,2800,19.5
562,2024-12-21,248,13,1,5,Completa,51,12,Saturday,4,Pan integral,Panadería,12.56,2228,12.56
748,2024-12-21,326,10,5,3,Completa,51,12,Saturday,4,Costilla de cerdo,Carnicería,14.25,2429,71.25
896,2024-12-21,190,37,3,4,Completa,51,12,Saturday,4,Garbanzos,Conservas,3.65,1506,10.95
925,2024-12-21,179,5,4,2,Completa,51,12,Saturday,4,Manteca,Lácteos,5.65,4929,22.6
1163,2024-12-21,94,11,4,4,Completa,51,12,Saturday,4,Salchicha,Carnicería,11.23,1726,44.92
1403,2024-12-21,79,15,1,2,Completa,51,12,Saturday,4,Medialunas,Panadería,3.51,4043,3.51
1548,2024-12-21,98,38,4,4,Completa,51,12,Saturday,4,Atún enlatado,Conservas,6.21,2182,24.84
1650,2024-12-21,40,1,6,4,Completa,51,12,Saturday,4,Leche,Lácteos,12.24,3327,73.44
1825,2024-12-21,136,24,1,4,Completa,51,12,Saturday,4,Empanadas,Congelados,13.54,2908,13.54
1861,2024-12-21,117,29,5,5,Completa,51,12,Saturday,4,Cerveza,Bebidas,11.54,2455,57.699999999999996
2734,2024-12-21,116,22,5,4,Completa,51,12,Saturday,4,Cebolla,Frutas y Verduras,4.21,3545,21.05
144,2024-12-22,47,10,1,4,Pendiente,51,12,Sunday,4,Costilla de cerdo,Carnicería,14.25,2429,14.25
933,2024-12-22,260,29,2,5,Completa,51,12,Sunday,4,Cerveza,Bebidas,11.54,2455,23.08
1160,2024-12-22,108,2,5,3,Completa,51,12,Sunday,4,Yogur,Lácteos,5.21,3358,26.05
1525,2024-12-22,65,30,3,5,Completa,51,12,Sunday,4,Vino tinto,Bebidas,13.54,1363,40.62
1779,2024-12-22,81,15,1,5,Completa,51,12,Sunday,4,Medialunas,Panadería,3.51,4043,3.51
2189,2024-12-22,308,5,3,1,Pendiente,51,12,Sunday,4,Manteca,Lácteos,5.65,4929,16.950000000000003
2259,2024-12-22,103,5,1,5,Completa,51,12,Sunday,4,Manteca,Lácteos,5.65,4929,5.65
387,2024-12-23,180,17,2,3,Completa,52,12,Monday,4,Manzanas,Frutas y Verduras,6.54,3383,13.08
571,2024-12-23,262,30,4,4,Completa,52,12,Monday,4,Vino tinto,Bebidas,13.54,1363,54.16
992,2024-12-23,283,35,5,3,Completa,52,12,Monday,4,Arroz,Conservas,4.25,1437,21.25
1084,2024-12-23,70,14,4,4,Completa,52,12,Monday,4,Facturas,Panadería,12.36,3125,49.44
1264,2024-12-23,188,16,5,1,Pendiente,52,12,Monday,4,Tortas,Panadería,15.23,3189,76.15
1812,2024-12-23,97,13,6,5,Completa,52,12,Monday,4,Pan integral,Panadería,12.56,2228,75.36
2522,2024-12-23,110,25,3,4,Completa,52,12,Monday,4,Pizza congelada,Congelados,15.45,1640,46.349999999999994
75,2024-12-24,200,35,4,4,Completa,52,12,Tuesday,4,Arroz,Conservas,4.25,1437,17.0
456,2024-12-24,105,4,2,3,Completa,52,12,Tuesday,4,Queso rallado,Lácteos,19.23,2099,38.46
749,2024-12-24,153,14,3,3,Completa,52,12,Tuesday,4,Facturas,Panadería,12.36,3125,37.08
1065,2024-12-24,124,38,2,5,Completa,52,12,Tuesday,4,Atún enlatado,Conservas,6.21,2182,12.42
1301,2024-12-24,158,6,1,5,Completa,52,12,Tuesday,4,Asado,Carnicería,28.56,5137,28.56
1492,2024-12-24,316,11,5,5,Completa,52,12,Tuesday,4,Salchicha,Carnicería,11.23,1726,56.150000000000006
1736,2024-12-24,192,23,4,1,Completa,52,12,Tuesday,4,Papas fritas,Congelados,8.23,3731,32.92
1877,2024-12-24,298,5,6,1,Pendiente,52,12,Tuesday,4,Manteca,Lácteos,5.65,4929,33.900000000000006
2003,2024-12-24,161,3,5,1,Completa,52,12,Tuesday,4,Queso cremoso,Lácteos,17.23,3167,86.15
2160,2024-12-24,321,13,5,4,Completa,52,12,Tuesday,4,Pan integral,Panadería,12.56,2228,62.800000000000004
2219,2024-12-24,79,38,2,4,Pendiente,52,12,Tuesday,4,Atún enlatado,Conservas,6.21,2182,12.42
2453,2024-12-24,217,26,5,1,Completa,52,12,Tuesday,4,Hamburgesas congeladas,Congelados,9.54,1688,47.699999999999996
2518,2024-12-24,107,10,4,4,Completa,52,12,Tuesday,4,Costilla de cerdo,Carnicería,14.25,2429,57.0
2699,2024-12-24,133,7,3,4,Pendiente,52,12,Tuesday,4,Chorizo,Carnicería,11.25,4068,33.75
2747,2024-12-24,54,24,1,1,Completa,52,12,Tuesday,4,Empanadas,Congelados,13.54,2908,13.54
162,2024-12-25,319,16,5,3,Completa,52,12,Wednesday,4,Tortas,Panadería,15.23,3189,76.15
870,2024-12-25,113,12,5,3,Completa,52,12,Wednesday,4,Pan francés,Panadería,8.12,1619,40.599999999999994
973,2024-12-25,162,21,6,5,Completa,52,12,Wednesday,4,Zanahorias,Frutas y Verduras,3.25,2800,19.5
1000,2024-12-25,151,35,3,3,Completa,52,12,Wednesday,4,Arroz,Conservas,4.25,1437,12.75
1014,2024-12-25,54,38,6,1,Completa,52,12,Wednesday,4,Atún enlatado,Conservas,6.21,2182,37.26
1506,2024-12-25,144,8,2,5,Completa,52,12,Wednesday,4,Milanesa,Carnicería,16.21,3140,32.42
1529,2024-12-25,232,3,6,1,Completa,52,12,Wednesday,4,Queso cremoso,Lácteos,17.23,3167,103.38
1916,2024-12-25,98,30,4,4,Completa,52,12,Wednesday,4,Vino tinto,Bebidas,13.54,1363,54.16
1977,2024-12-25,36,38,5,5,Completa,52,12,Wednesday,4,Atún enlatado,Conservas,6.21,2182,31.05
2305,2024-12-25,109,27,6,4,Completa,52,12,Wednesday,4,Agua mineral,Bebidas,6.21,4978,37.26
2333,2024-12-25,304,10,6,3,Completa,52,12,Wednesday,4,Costilla de cerdo,Carnicería,14.25,2429,85.5
9,2024-12-26,21,34,1,5,Completa,52,12,Thursday,4,Maníes,Galletitas y Snacks,5.45,4769,5.45
1241,2024-12-26,82,8,4,1,Completa,52,12,Thursday,4,Milanesa,Carnicería,16.21,3140,64.84
1487,2024-12-26,79,11,2,1,Pendiente,52,12,Thursday,4,Salchicha,Carnicería,11.23,1726,22.46
2188,2024-12-26,17,28,3,1,Pendiente,52,12,Thursday,4,Jugos de frutas,Bebidas,9.45,3637,28.349999999999998
2350,2024-12-26,253,1,3,5,Completa,52,12,Thursday,4,Leche,Lácteos,12.24,3327,36.72
2775,2024-12-26,159,9,4,3,Completa,52,12,Thursday,4,Pollo,Carnicería,18.56,4051,74.24
2850,2024-12-26,202,28,6,1,Completa,52,12,Thursday,4,Jugos de frutas,Bebidas,9.45,3637,56.699999999999996
1076,2024-12-27,316,2,1,3,Completa,52,12,Friday,4,Yogur,Lácteos,5.21,3358,5.21
1344,2024-12-27,261,30,4,3,Pendiente,52,12,Friday,4,Vino tinto,Bebidas,13.54,1363,54.16
198,2024-12-28,106,7,5,4,Completa,52,12,Saturday,4,Chorizo,Carnicería,11.25,4068,56.25
406,2024-12-28,161,35,6,4,Completa,52,12,Saturday,4,Arroz,Conservas,4.25,1437,25.5
585,2024-12-28,192,22,3,3,Completa,52,12,Saturday,4,Cebolla,Frutas y Verduras,4.21,3545,12.629999999999999
1013,2024-12-28,72,9,5,4,Completa,52,12,Saturday,4,Pollo,Carnicería,18.56,4051,92.8
1104,2024-12-28,176,6,4,2,Completa,52,12,Saturday,4,Asado,Carnicería,28.56,5137,114.24
1202,2024-12-28,45,8,2,4,Completa,52,12,Saturday,4,Milanesa,Carnicería,16.21,3140,32.42
1365,2024-12-28,176,31,2,4,Completa,52,12,Saturday,4,Galletitas de agua,Galletitas y Snacks,5.24,2771,10.48
1770,2024-12-28,263,36,1,5,Completa,52,12,Saturday,4,Lentejas,Conservas,3.25,4578,3.25
2472,2024-12-28,236,26,4,2,Completa,52,12,Saturday,4,Hamburgesas congeladas,Congelados,9.54,1688,38.16
2640,2024-12-28,25,30,1,5,Completa,52,12,Saturday,4,Vino tinto,Bebidas,13.54,1363,13.54
2782,2024-12-28,119,27,2,4,Completa,52,12,Saturday,4,Agua mineral,Bebidas,6.21,4978,12.42
230,2024-12-29,252,6,3,5,Completa,52,12,Sunday,4,Asado,Carnicería,28.56,5137,85.67999999999999
529,2024-12-29,212,12,6,2,Completa,52,12,Sunday,4,Pan francés,Panadería,8.12,1619,48.72
721,2024-12-29,148,16,2,2,Completa,52,12,Sunday,4,Tortas,Panadería,15.23,3189,30.46
850,2024-12-29,194,31,1,5,Completa,52,12,Sunday,4,Galletitas de agua,Galletitas y Snacks,5.24,2771,5.24
1285,2024-12-29,10,33,4,3,Completa,52,12,Sunday,4,Papas chips,Galletitas y Snacks,8.54,2837,34.16
1511,2024-12-29,141,31,5,4,Completa,52,12,Sunday,4,Galletitas de agua,Galletitas y Snacks,5.24,2771,26.200000000000003
1715,2024-12-29,87,5,1,1,Completa,52,12,Sunday,4,Manteca,Lácteos,5.65,4929,5.65
2446,2024-12-29,302,8,4,3,Completa,52,12,Sunday,4,Milanesa,Carnicería,16.21,3140,64.84
2643,2024-12-29,121,12,5,4,Completa,52,12,Sunday,4,Pan francés,Panadería,8.12,1619,40.599999999999994
2792,2024-12-29,109,34,4,4,Pendiente,52,12,Sunday,4,Maníes,Galletitas y Snacks,5.45,4769,21.8
563,2024-12-30,272,25,5,4,Completa,1,12,Monday,4,Pizza congelada,Congelados,15.45,1640,77.25
900,2024-12-30,248,10,5,1,Completa,1,12,Monday,4,Costilla de cerdo,Carnicería,14.25,2429,71.25
954,2024-12-30,44,12,6,4,Completa,1,12,Monday,4,Pan francés,Panadería,8.12,1619,48.72
1390,2024-12-30,26,31,3,4,Completa,1,12,Monday,4,Galletitas de agua,Galletitas y Snacks,5.24,2771,15.72
1519,2024-12-30,246,11,3,3,Completa,1,12,Monday,4,Salchicha,Carnicería,11.23,1726,33.69
2147,2024-12-30,231,22,2,1,Pendiente,1,12,Monday,4,Cebolla,Frutas y Verduras,4.21,3545,8.42
2239,2024-12-30,172,17,3,3,Completa,1,12,Monday,4,Manzanas,Frutas y Verduras,6.54,3383,19.62
